[{"entities":[{"internalName":"PRIV_OBS","displayName":"OBS","available":["add","edit","delete"],"linked":[{"twoWayLinked":[{"row":"PRIV_OBS","column":"add"},{"row":"PRIV_OBS","column":"edit"},{"row":"PRIV_OBS","column":"delete"}],"oneWayLinked":[]}],"linkedPrivileges":[]},{"internalName":"PRIV_PROFILE","displayName":"Security Profiles","available":["add","edit","delete"],"linked":[{"twoWayLinked":[{"row":"PRIV_PROFILE","column":"add"},{"row":"PRIV_PROFILE","column":"edit"},{"row":"PRIV_PROFILE","column":"delete"}],"oneWayLinked":[]}],"linkedPrivileges":[]},{"internalName":"PRIV_USERS","displayName":"Users","available":["add","edit","delete"],"linked":[{"twoWayLinked":[{"row":"PRIV_USERS","column":"add"},{"row":"PRIV_USERS","column":"edit"},{"row":"PRIV_USERS","column":"delete"}],"oneWayLinked":[]}],"linkedPrivileges":[]},{"internalName":"PRIV_UIVIEW","displayName":"User Interface Views","available":["add","edit","delete"],"linked":[{"twoWayLinked":[{"row":"PRIV_UIVIEW","column":"add"},{"row":"PRIV_UIVIEW","column":"edit"},{"row":"PRIV_UIVIEW","column":"delete"}],"oneWayLinked":[]}],"linkedPrivileges":[]},{"internalName":"PRIV_APPL","displayName":"Application Settings","available":["edit"],"linked":[{"twoWayLinked":[{"row":"PRIV_APPL","column":"edit"}],"oneWayLinked":[]}],"linkedPrivileges":[]},{"internalName":"PRIV_SYSTEM","displayName":"System Settings","available":["edit"],"linked":[{"twoWayLinked":[{"row":"PRIV_SYSTEM","column":"edit"}],"oneWayLinked":[]}],"linkedPrivileges":[]},{"internalName":"PRIV_PROVISION_USER","displayName":"Provision User","available":["enable"],"linked":[{"twoWayLinked":[{"row":"PRIV_PROVISION_USER","column":"enable"}],"oneWayLinked":[]}],"linkedPrivileges":[[]]}],"actions":["add","edit","delete","enable"],"title":"Administration"},{"entities":[{"internalName":"PRIV_ACTIVITY_CODES","displayName":"Global Activity Codes","available":["add","edit","delete"],"linked":[{"twoWayLinked":[{"row":"PRIV_ACTIVITY_CODES","column":"add"}],"oneWayLinked":[]},{"twoWayLinked":[{"row":"PRIV_ACTIVITY_CODES","column":"edit"}],"oneWayLinked":[]},{"twoWayLinked":[{"row":"PRIV_ACTIVITY_CODES","column":"delete"}],"oneWayLinked":[]}],"linkedPrivileges":[]},{"internalName":"PRIV_ISSUE_CODES","displayName":"Global Issue Codes","available":["add","edit","delete"],"linked":[{"twoWayLinked":[{"row":"PRIV_ISSUE_CODES","column":"add"}],"oneWayLinked":[]},{"twoWayLinked":[{"row":"PRIV_ISSUE_CODES","column":"edit"}],"oneWayLinked":[]},{"twoWayLinked":[{"row":"PRIV_ISSUE_CODES","column":"delete"}],"oneWayLinked":[]}],"linkedPrivileges":[]},{"internalName":"PRIV_PROJECT_CODES","displayName":"Project Codes","available":["add","edit","delete"],"linked":[{"twoWayLinked":[{"row":"PRIV_PROJECT_CODES","column":"add"}],"oneWayLinked":[]},{"twoWayLinked":[{"row":"PRIV_PROJECT_CODES","column":"edit"}],"oneWayLinked":[]},{"twoWayLinked":[{"row":"PRIV_PROJECT_CODES","column":"delete"}],"oneWayLinked":[]}],"linkedPrivileges":[]},{"internalName":"PRIV_RESOURCE_CODES","displayName":"Resource Codes","available":["add","edit","delete"],"linked":[{"twoWayLinked":[{"row":"PRIV_RESOURCE_CODES","column":"add"}],"oneWayLinked":[]},{"twoWayLinked":[{"row":"PRIV_RESOURCE_CODES","column":"edit"}],"oneWayLinked":[]},{"twoWayLinked":[{"row":"PRIV_RESOURCE_CODES","column":"delete"}],"oneWayLinked":[]}],"linkedPrivileges":[]},{"internalName":"PRIV_SECURE_CODES","displayName":"Secure Codes","available":["add","edit","delete","view"],"linked":[{"twoWayLinked":[{"row":"PRIV_SECURE_CODES","column":"add"},{"row":"PRIV_SECURE_CODES","column":"delete"}],"oneWayLinked":[{"row":"PRIV_SECURE_CODES","column":"edit"}]},{"twoWayLinked":[{"row":"PRIV_SECURE_CODES","column":"edit"}],"oneWayLinked":[{"row":"PRIV_SECURE_CODES","column":"view"}]},{"twoWayLinked":[{"row":"PRIV_SECURE_CODES","column":"view"}],"oneWayLinked":[]}],"linkedPrivileges":[[{"row":"PRIV_ASSIGN_SECURE_CODES","column":"view"}],[{"row":"PRIV_ASSIGN_SECURE_CODES","column":"view"}]]},{"internalName":"PRIV_ASSIGN_SECURE_CODES","displayName":"Assign Secure Codes","available":["enable"],"linked":[{"twoWayLinked":[{"row":"PRIV_ASSIGN_SECURE_CODES","column":"enable"}],"oneWayLinked":[]}],"linkedPrivileges":[[]]}],"actions":["add","edit","delete","view","enable"],"title":"Codes"},{"entities":[{"internalName":"PRIV_CATEGORIES_OVERHEAD_CODES","displayName":"Categories and Overhead Codes","available":["add","edit","delete"],"linked":[{"twoWayLinked":[{"row":"PRIV_CATEGORIES_OVERHEAD_CODES","column":"add"},{"row":"PRIV_CATEGORIES_OVERHEAD_CODES","column":"edit"},{"row":"PRIV_CATEGORIES_OVERHEAD_CODES","column":"delete"}],"oneWayLinked":[]}],"linkedPrivileges":[]},{"internalName":"PRIV_ACCT","displayName":"Cost Accounts","available":["add","edit","delete"],"linked":[{"twoWayLinked":[{"row":"PRIV_ACCT","column":"add"},{"row":"PRIV_ACCT","column":"edit"},{"row":"PRIV_ACCT","column":"delete"}],"oneWayLinked":[]}],"linkedPrivileges":[]},{"internalName":"PRIV_EDIT_CURRENCIES","displayName":"Currencies","available":["add","edit","delete"],"linked":[{"twoWayLinked":[{"row":"PRIV_EDIT_CURRENCIES","column":"add"},{"row":"PRIV_EDIT_CURRENCIES","column":"edit"},{"row":"PRIV_EDIT_CURRENCIES","column":"delete"}],"oneWayLinked":[]}],"linkedPrivileges":[]},{"internalName":"PRIV_EDIT_LOCATIONS","displayName":"Locations","available":["add","edit","delete"],"linked":[{"twoWayLinked":[{"row":"PRIV_EDIT_LOCATIONS","column":"add"},{"row":"PRIV_EDIT_LOCATIONS","column":"edit"},{"row":"PRIV_EDIT_LOCATIONS","column":"delete"}],"oneWayLinked":[]}],"linkedPrivileges":[]},{"internalName":"PRIV_EDIT_FIN_PERIOD_DATES","displayName":"Financial Period Dates","available":["add","edit","delete"],"linked":[{"twoWayLinked":[{"row":"PRIV_EDIT_FIN_PERIOD_DATES","column":"add"},{"row":"PRIV_EDIT_FIN_PERIOD_DATES","column":"edit"},{"row":"PRIV_EDIT_FIN_PERIOD_DATES","column":"delete"}],"oneWayLinked":[]}],"linkedPrivileges":[]},{"internalName":"PRIV_FUND_SRCS","displayName":"Funding Sources","available":["add","edit","delete"],"linked":[{"twoWayLinked":[{"row":"PRIV_FUND_SRCS","column":"add"},{"row":"PRIV_FUND_SRCS","column":"edit"},{"row":"PRIV_FUND_SRCS","column":"delete"}],"oneWayLinked":[]}],"linkedPrivileges":[]},{"internalName":"PRIV_CALENDAR","displayName":"Global Calendars","available":["add","edit","delete"],"linked":[{"twoWayLinked":[{"row":"PRIV_CALENDAR","column":"add"},{"row":"PRIV_CALENDAR","column":"edit"},{"row":"PRIV_CALENDAR","column":"delete"}],"oneWayLinked":[]}],"linkedPrivileges":[]},{"internalName":"PRIV_PORTFOLIOS","displayName":"Global Portfolios","available":["add","edit","delete"],"linked":[{"twoWayLinked":[{"row":"PRIV_PORTFOLIOS","column":"add"},{"row":"PRIV_PORTFOLIOS","column":"edit"},{"row":"PRIV_PORTFOLIOS","column":"delete"}],"oneWayLinked":[]}],"linkedPrivileges":[]},{"internalName":"PRIV_EDIT_GLOBAL_SCENARIOS","displayName":"Global Scenarios","available":["add","edit","delete"],"linked":[{"twoWayLinked":[{"row":"PRIV_EDIT_GLOBAL_SCENARIOS","column":"add"},{"row":"PRIV_EDIT_GLOBAL_SCENARIOS","column":"edit"},{"row":"PRIV_EDIT_GLOBAL_SCENARIOS","column":"delete"}],"oneWayLinked":[]}],"linkedPrivileges":[]},{"internalName":"PRIV_EDIT_RISK_CATEGORIES_SCALES_MATRICES","displayName":"Risk Categories, Matrices, and Thresholds","available":["add","edit","delete"],"linked":[{"twoWayLinked":[{"row":"PRIV_EDIT_RISK_CATEGORIES_SCALES_MATRICES","column":"add"},{"row":"PRIV_EDIT_RISK_CATEGORIES_SCALES_MATRICES","column":"edit"},{"row":"PRIV_EDIT_RISK_CATEGORIES_SCALES_MATRICES","column":"delete"}],"oneWayLinked":[]}],"linkedPrivileges":[]},{"internalName":"PRIV_TIMESHEET_DATES","displayName":"Timesheet Period Dates","available":["add","edit","delete"],"linked":[{"twoWayLinked":[{"row":"PRIV_TIMESHEET_DATES","column":"add"},{"row":"PRIV_TIMESHEET_DATES","column":"edit"},{"row":"PRIV_TIMESHEET_DATES","column":"delete"}],"oneWayLinked":[]}],"linkedPrivileges":[]},{"internalName":"PRIV_EDIT_UDF","displayName":"User Defined Fields","available":["add","edit","delete"],"linked":[{"twoWayLinked":[{"row":"PRIV_EDIT_UDF","column":"add"},{"row":"PRIV_EDIT_UDF","column":"edit"},{"row":"PRIV_EDIT_UDF","column":"delete"}],"oneWayLinked":[]}],"linkedPrivileges":[]}],"actions":["add","edit","delete"],"title":"Global Data"},{"entities":[{"internalName":"PRIV_RESOURCES","displayName":"Resources","available":["add","edit","delete"],"linked":[{"twoWayLinked":[{"row":"PRIV_RESOURCES","column":"add"}],"oneWayLinked":[]},{"twoWayLinked":[{"row":"PRIV_RESOURCES","column":"edit"}],"oneWayLinked":[]},{"twoWayLinked":[{"row":"PRIV_RESOURCES","column":"delete"}],"oneWayLinked":[]}],"linkedPrivileges":[]},{"internalName":"PRIV_RESOURCE_CALENDAR","displayName":"Resource Calendar","available":["add","edit","delete"],"linked":[{"twoWayLinked":[{"row":"PRIV_RESOURCE_CALENDAR","column":"add"},{"row":"PRIV_RESOURCE_CALENDAR","column":"edit"},{"row":"PRIV_RESOURCE_CALENDAR","column":"delete"}],"oneWayLinked":[]}],"linkedPrivileges":[]},{"internalName":"PRIV_EDIT_RSRC_CURVE","displayName":"Resource Curves","available":["add","edit","delete"],"linked":[{"twoWayLinked":[{"row":"PRIV_EDIT_RSRC_CURVE","column":"add"},{"row":"PRIV_EDIT_RSRC_CURVE","column":"edit"},{"row":"PRIV_EDIT_RSRC_CURVE","column":"delete"}],"oneWayLinked":[]}],"linkedPrivileges":[]},{"internalName":"PRIV_ROLE","displayName":"Roles","available":["add","edit","delete"],"linked":[{"twoWayLinked":[{"row":"PRIV_ROLE","column":"add"},{"row":"PRIV_ROLE","column":"edit"},{"row":"PRIV_ROLE","column":"delete"}],"oneWayLinked":[]}],"linkedPrivileges":[]},{"internalName":"PRIV_EDIT_RSRC_TEAM","displayName":"Global Resource and Roles Teams","available":["add","edit","delete"],"linked":[{"twoWayLinked":[{"row":"PRIV_EDIT_RSRC_TEAM","column":"add"},{"row":"PRIV_EDIT_RSRC_TEAM","column":"edit"},{"row":"PRIV_EDIT_RSRC_TEAM","column":"delete"}],"oneWayLinked":[]}],"linkedPrivileges":[]},{"internalName":"PRIV_EDIT_RATE_TYPES_UNITS_MEASURE","displayName":"Rate Types and Units of Measure","available":["add","edit","delete"],"linked":[{"twoWayLinked":[{"row":"PRIV_EDIT_RATE_TYPES_UNITS_MEASURE","column":"add"},{"row":"PRIV_EDIT_RATE_TYPES_UNITS_MEASURE","column":"edit"},{"row":"PRIV_EDIT_RATE_TYPES_UNITS_MEASURE","column":"delete"}],"oneWayLinked":[]}],"linkedPrivileges":[]},{"internalName":"PRIV_RSRC_COSTS","displayName":"Resource and Role Costs/Financials","available":["view"],"linked":[{"twoWayLinked":[{"row":"PRIV_RSRC_COSTS","column":"view"}],"oneWayLinked":[]}],"linkedPrivileges":[]},{"internalName":"PRIV_VIEW_ROLE_PROFICIENCY","displayName":"Resource Role Proficiency","available":["view"],"linked":[{"twoWayLinked":[{"row":"PRIV_VIEW_ROLE_PROFICIENCY","column":"view"}],"oneWayLinked":[]}],"linkedPrivileges":[]},{"internalName":"PRIV_TSHT","displayName":"Approve Resource Timesheets","available":["enable"],"linked":[{"twoWayLinked":[{"row":"PRIV_TSHT","column":"enable"}],"oneWayLinked":[]}],"linkedPrivileges":[]}],"actions":["add","edit","delete","view","enable"],"title":"Resources"},{"entities":[{"internalName":"PRIV_EDIT_ACT_STEP_TEMP","displayName":"Activity Step Templates","available":["add","edit","delete"],"linked":[{"twoWayLinked":[{"row":"PRIV_EDIT_ACT_STEP_TEMP","column":"add"},{"row":"PRIV_EDIT_ACT_STEP_TEMP","column":"edit"},{"row":"PRIV_EDIT_ACT_STEP_TEMP","column":"delete"}],"oneWayLinked":[]}],"linkedPrivileges":[]},{"internalName":"PRIV_EDIT_ISSUE_TEMPLATE","displayName":"Issue Forms","available":["add","edit","delete"],"linked":[{"twoWayLinked":[{"row":"PRIV_EDIT_ISSUE_TEMPLATE","column":"add"},{"row":"PRIV_EDIT_ISSUE_TEMPLATE","column":"edit"},{"row":"PRIV_EDIT_ISSUE_TEMPLATE","column":"delete"}],"oneWayLinked":[]}],"linkedPrivileges":[]},{"internalName":"PRIV_EDIT_MSP_TEMPLATES","displayName":"Microsoft Project Templates","available":["add","edit","delete"],"linked":[{"twoWayLinked":[{"row":"PRIV_EDIT_MSP_TEMPLATES","column":"add"},{"row":"PRIV_EDIT_MSP_TEMPLATES","column":"edit"},{"row":"PRIV_EDIT_MSP_TEMPLATES","column":"delete"}],"oneWayLinked":[]}],"linkedPrivileges":[]},{"internalName":"PRIV_MANAGE_PROJECT_TEMPLATES","displayName":"Project Templates","available":["add","edit","delete"],"linked":[{"twoWayLinked":[{"row":"PRIV_MANAGE_PROJECT_TEMPLATES","column":"add"},{"row":"PRIV_MANAGE_PROJECT_TEMPLATES","column":"edit"},{"row":"PRIV_MANAGE_PROJECT_TEMPLATES","column":"delete"}],"oneWayLinked":[]}],"linkedPrivileges":[]},{"internalName":"PRIV_ADD_EDIT_DELETE_TIMESCALE_LOGIC_DIAGRAMS","displayName":"Global TSLD Templates","available":["add","edit","delete"],"linked":[{"twoWayLinked":[{"row":"PRIV_ADD_EDIT_DELETE_TIMESCALE_LOGIC_DIAGRAMS","column":"add"},{"row":"PRIV_ADD_EDIT_DELETE_TIMESCALE_LOGIC_DIAGRAMS","column":"edit"},{"row":"PRIV_ADD_EDIT_DELETE_TIMESCALE_LOGIC_DIAGRAMS","column":"delete"}],"oneWayLinked":[]}],"linkedPrivileges":[]}],"actions":["add","edit","delete"],"title":"Templates"},{"entities":[{"internalName":"PRIV_ADMIN_EXT_APP","displayName":"Administer Global External Applications","available":["enable"],"linked":[{"twoWayLinked":[{"row":"PRIV_ADMIN_EXT_APP","column":"enable"}],"oneWayLinked":[]}],"linkedPrivileges":[]},{"internalName":"PRIV_RUN_GLOBAL_JOB_SERVICES","displayName":"Administer Global Scheduled Services","available":["enable"],"linked":[{"twoWayLinked":[{"row":"PRIV_RUN_GLOBAL_JOB_SERVICES","column":"enable"}],"oneWayLinked":[]}],"linkedPrivileges":[]},{"internalName":"PRIV_RUN_JOB_SERVICES","displayName":"Administer Project Scheduled Services","available":["enable"],"linked":[{"twoWayLinked":[{"row":"PRIV_RUN_JOB_SERVICES","column":"enable"}],"oneWayLinked":[]}],"linkedPrivileges":[]},{"internalName":"PRIV_EDIT_GLOBAL_CHANGE","displayName":"Global Change Definitions","available":["edit"],"linked":[{"twoWayLinked":[{"row":"PRIV_EDIT_GLOBAL_CHANGE","column":"edit"}],"oneWayLinked":[]}],"linkedPrivileges":[]},{"internalName":"PRIV_IMPORT","displayName":"Import Project Management XER, MPP, MPX and P3","available":["enable"],"linked":[{"twoWayLinked":[{"row":"PRIV_IMPORT","column":"enable"}],"oneWayLinked":[]}],"linkedPrivileges":[]},{"internalName":"PRIV_IMPORT_XLS","displayName":"Import XLS","available":["enable"],"linked":[{"twoWayLinked":[{"row":"PRIV_IMPORT_XLS","column":"enable"}],"oneWayLinked":[]}],"linkedPrivileges":[]},{"internalName":"PRIV_IMPORT_XML","displayName":"Import XML","available":["enable"],"linked":[{"twoWayLinked":[{"row":"PRIV_IMPORT_XML","column":"enable"}],"oneWayLinked":[]}],"linkedPrivileges":[]},{"internalName":"PRIV_READONLY_SDK","displayName":"All Global/Project Data via SDK","available":["view"],"linked":[{"twoWayLinked":[{"row":"PRIV_READONLY_SDK","column":"view"}],"oneWayLinked":[]}],"linkedPrivileges":[]}],"actions":["edit","view","enable"],"title":"Tools"},{"entities":[{"internalName":"PRIV_EDACTVVIEWS","displayName":"Global Activity and Assignment Layouts, Views and Filters","available":["add","edit","delete"],"linked":[{"twoWayLinked":[{"row":"PRIV_EDACTVVIEWS","column":"add"},{"row":"PRIV_EDACTVVIEWS","column":"edit"},{"row":"PRIV_EDACTVVIEWS","column":"delete"}],"oneWayLinked":[]}],"linkedPrivileges":[]},{"internalName":"PRIV_EDIT_GLOBAL_DASHBOARDS","displayName":"Global Dashboards","available":["add","edit","delete"],"linked":[{"twoWayLinked":[{"row":"PRIV_EDIT_GLOBAL_DASHBOARDS","column":"add"},{"row":"PRIV_EDIT_GLOBAL_DASHBOARDS","column":"edit"},{"row":"PRIV_EDIT_GLOBAL_DASHBOARDS","column":"delete"}],"oneWayLinked":[]}],"linkedPrivileges":[]},{"internalName":"PRIV_EDIT_PROJ_WBS_LAYOUT","displayName":"Global Project, WBS and Portfolio Layouts, Views and Filters","available":["add","edit","delete"],"linked":[{"twoWayLinked":[{"row":"PRIV_EDIT_PROJ_WBS_LAYOUT","column":"add"},{"row":"PRIV_EDIT_PROJ_WBS_LAYOUT","column":"edit"},{"row":"PRIV_EDIT_PROJ_WBS_LAYOUT","column":"delete"}],"oneWayLinked":[]}],"linkedPrivileges":[]},{"internalName":"PRIV_EDPORT","displayName":"Global Reports","available":["add","edit","delete"],"linked":[{"twoWayLinked":[{"row":"PRIV_EDPORT","column":"add"},{"row":"PRIV_EDPORT","column":"edit"},{"row":"PRIV_EDPORT","column":"delete"}],"oneWayLinked":[]}],"linkedPrivileges":[]},{"internalName":"PRIV_TRACK_LAYOUT","displayName":"Global Tracking Layouts","available":["add","edit","delete"],"linked":[{"twoWayLinked":[{"row":"PRIV_TRACK_LAYOUT","column":"add"},{"row":"PRIV_TRACK_LAYOUT","column":"edit"},{"row":"PRIV_TRACK_LAYOUT","column":"delete"}],"oneWayLinked":[]}],"linkedPrivileges":[]},{"internalName":"PRIV_EDIT_PROJECT_FROM_SCORECARD","displayName":"Projects from Scorecards","available":["edit"],"linked":[{"twoWayLinked":[{"row":"PRIV_EDIT_PROJECT_FROM_SCORECARD","column":"edit"}],"oneWayLinked":[]}],"linkedPrivileges":[]}],"actions":["add","edit","delete"],"title":"Views and Reports"}]