[
    {
        "internalName" : "Programmer",
        "displayName" : "Programmer",
        "description" : "Programmer has access to add new objects to the system.",
        "default"   : false
    },
    {
        "internalName" : "Owner",
        "displayName" : "Owner",
        "description" : "Owner has view only rights.",
        "default"   : true
    },
    {
        "internalName" : "“!@#$%^&*()_+{}|&#34;:?><~Test”",
        "displayName" : "“!@#$%^&*()_+{}|&#34;:?><~Test”",
        "default" : false
    },
    {
        "internalName" : "BProfile",
        "displayName" : "B Profile",
        "default" : false
    },
    {
        "internalName" : "AProfile",
        "displayName" : "A Profile",
        "default" : false
    }
]
