[
  {
    "layoutChildren": [
      {
        "layoutChildren": [
          {
            "defaultValue": "20",
            "bounds": {
              "numberMin": 1,
              "numberMax": 50
            },
            "type": "INTEGER",
            "internalName": "MaxWBSTreeLevels",
            "label": "EPS/WBS tree maximum levels"
          },
          {
            "defaultValue": "20",
            "bounds": {
              "numberMin": 1,
              "numberMax": 25
            },
            "type": "INTEGER",
            "internalName": "MaxOBSTreeLevels",
            "label": "OBS tree maximum levels"
          },
          {
            "defaultValue": "20",
            "bounds": {
              "numberMin": 1,
              "numberMax": 25
            },
            "type": "INTEGER",
            "internalName": "MaxRSRCTreeLevels",
            "label": "Resource tree maximum levels"
          },
          {
            "defaultValue": "20",
            "bounds": {
              "numberMin": 1,
              "numberMax": 25
            },
            "type": "INTEGER",
            "internalName": "MaxRoleTreeLevels",
            "label": "Role tree maximum levels"
          },
          {
            "defaultValue": "20",
            "bounds": {
              "numberMin": 1,
              "numberMax": 25
            },
            "type": "INTEGER",
            "internalName": "MaxCostAccntTreeLevels",
            "label": "Cost Account tree maximum levels"
          },
          {
            "defaultValue": "20",
            "bounds": {
              "numberMin": 1,
              "numberMax": 25
            },
            "type": "INTEGER",
            "internalName": "MAxActivityCodeTreeLevels",
            "label": "Activity Code tree maximum levels"
          },
          {
            "defaultValue": "20",
            "bounds": {
              "numberMin": 1,
              "numberMax": 25
            },
            "type": "INTEGER",
            "internalName": "MAxResourceCodeTreeLevels",
            "label": "Resource Code tree maximum levels"
          },
          {
            "defaultValue": "20",
            "bounds": {
              "numberMin": 1,
              "numberMax": 25
            },
            "type": "INTEGER",
            "internalName": "MAxProjectCodeTreeLevels",
            "label": "Project Code tree maximum levels"
          }
        ],
        "defaultValue": "",
        "type": "GROUP",
        "internalName": "MaxTreeLevels",
        "label": "Maximum Tree Levels"
      },
      {
        "layoutChildren": [
          {
            "defaultValue": "20",
            "bounds": {
              "numberMin": 0,
              "numberMax": 500
            },
            "type": "INTEGER",
            "internalName": "MaxActCodesPerProject",
            "label": "Maximum Activity Codes per Project"
          },
          {
            "defaultValue": "10",
            "bounds": {
              "numberMin": 1
            },
            "type": "INTEGER",
            "internalName": "MaxBaselinesPerProject",
            "label": "Maximum baselines per project"
          },
          {
            "defaultValue": "3",
            "bounds": {
              "numberMin": 1,
              "numberMax": 50
            },
            "type": "INTEGER",
            "internalName": "MaxBaselinesCopiedWithProject",
            "label": "Maximum baselines copied with project"
          }
        ],
        "defaultValue": "",
        "type": "GROUP",
        "internalName": "max-codes-and-baselines",
        "label": "Maximum Codes and Baselines"
      }
    ],
    "defaultValue": "",
    "type": "GROUP",
    "internalName": "data-limits",
    "label": "Data Limits"
  },
  {
    "layoutChildren": [
      {
        "layoutChildren": [
          {
            "defaultValue": "",
            "value": "EC_Cmp_pct",
            "type": "OPTION",
            "label": "Activity % Complete"
          },
          {
            "defaultValue": "",
            "value": "EC_0_pct",
            "type": "OPTION",
            "label": "0/100 % Complete"
          },
          {
            "defaultValue": "",
            "value": "EC_MS",
            "type": "OPTION",
            "label": "Use WBS Milestones"
          },
          {
            "defaultValue": "",
            "value": "EC_50_pct",
            "type": "OPTION",
            "label": "50/50 % Complete"
          },
          {
            "layoutChildren": [
              {
                "defaultValue": "100",
                "bounds": {
                  "numberMin": 0,
                  "numberMax": 100
                },
                "governor": {
                  "internalName": "EvComputeType",
                  "values": [
                    "EC_User_pct"
                  ],
                  "action": "ENABLE"
                },
                "type": "INTEGER",
                "internalName": "EvUserPct"
              }
            ],
            "defaultValue": "",
            "value": "EC_User_pct",
            "type": "OPTION",
            "label": "Custom % Complete"
          }
        ],
        "defaultValue": "EC_Cmp_pct",
        "type": "CHOICE",
        "internalName": "EvComputeType",
        "label": "Technique for computing performance percent complete"
      },
      {
        "layoutChildren": [
          {
            "defaultValue": "",
            "value": "EE_Rem_hr",
            "type": "OPTION",
            "label": "ETC = Remaining Cost for activity"
          },
          {
            "defaultValue": "",
            "type": "INFORMATION",
            "label": "or ETC = PF * (Budget at Completion - Earned Value), where:"
          },
          {
            "defaultValue": "",
            "value": "EE_PF_1",
            "type": "OPTION",
            "label": "PF = 1"
          },
          {
            "defaultValue": "",
            "value": "EE_PF_cpi",
            "type": "OPTION",
            "label": "PF = 1 / Cost Performance Index"
          },
          {
            "defaultValue": "",
            "value": "EE_PF_cpi_spi",
            "type": "OPTION",
            "label": "PF = 1 / (Cost Performance Index * Schedule Performance Index)"
          },
          {
            "layoutChildren": [
              {
                "defaultValue": "0.88",
                "bounds": {
                  "numberMin": 0,
                  "numberMax": 99999999.99
                },
                "governor": {
                  "internalName": "EvEtcComputeType",
                  "values": [
                    "EE_PF_user"
                  ],
                  "action": "ENABLE"
                },
                "type": "NUMBER",
                "internalName": "EvEtcUserValue"
              }
            ],
            "defaultValue": "",
            "value": "EE_PF_user",
            "type": "OPTION",
            "internalName": "etc-technique-pf-custom",
            "label": "PF = "
          }
        ],
        "defaultValue": "EE_Rem_hr",
        "type": "CHOICE",
        "internalName": "EvEtcComputeType",
        "label": "Technique for computing estimate to complete (ETC)"
      },
      {
        "layoutChildren": [
          {
            "layoutChildren": [
              {
                "defaultValue": "",
                "value": "EV_AtCompl",
                "type": "OPTION",
                "label": "At Completion with current dates"
              },
              {
                "defaultValue": "",
                "value": "EV_Budg",
                "type": "OPTION",
                "label": "Planned values with planned dates"
              },
              {
                "defaultValue": "",
                "value": "EV_BudgCur",
                "type": "OPTION",
                "label": "Planned values with current dates"
              }
            ],
            "defaultValue": "EV_AtCompl",
            "type": "DROPDOWN",
            "internalName": "EVCalculation",
            "label": "When calculating earned value from a baseline use"
          }
        ],
        "defaultValue": "",
        "type": "GROUP",
        "internalName": "EVCalculation-group",
        "label": "Earned Value Calculation"
      }
    ],
    "defaultValue": "",
    "type": "GROUP",
    "internalName": "earned-value",
    "label": "Earned Value"
  },
  {
    "layoutChildren": [
      {
        "layoutChildren": [
          {
            "defaultValue": "",
            "value": "1",
            "type": "OPTION",
            "label": "Sunday"
          },
          {
            "defaultValue": "",
            "value": "2",
            "type": "OPTION",
            "label": "Monday"
          },
          {
            "defaultValue": "",
            "value": "3",
            "type": "OPTION",
            "label": "Tuesday"
          },
          {
            "defaultValue": "",
            "value": "4",
            "type": "OPTION",
            "label": "Wednesday"
          },
          {
            "defaultValue": "",
            "value": "5",
            "type": "OPTION",
            "label": "Thursday"
          },
          {
            "defaultValue": "",
            "value": "6",
            "type": "OPTION",
            "label": "Friday"
          },
          {
            "defaultValue": "",
            "value": "7",
            "type": "OPTION",
            "label": "Saturday"
          }
        ],
        "defaultValue": "1",
        "type": "DROPDOWN",
        "internalName": "WeekStartDay",
        "label": "First day of week for calendars"
      },
      {
        "defaultValue": "40h",
        "bounds": {
          "permissibleUnits": "y m w d h n",
          "defaultUnit": "d",
          "pattern": "^(\\s*(((\\d{1,2}(\\.\\d{1,2})?)|(\\.\\d{1,2}))\\s*y)?\\s*(((\\d{1,2}(\\.\\d{1,2})?)|(\\.\\d{1,2}))\\s*m)?\\s*(((\\d{1,2}(\\.\\d{1,2})?)|(\\.\\d{1,2}))\\s*w)?\\s*(((\\d{1,2}(\\.\\d{1,2})?)|(\\.\\d{1,2}))\\s*d)?\\s*(((\\d{1,2}(\\.\\d{1,2})?)|(\\.\\d{1,2}))\\s*h)?\\s*(((\\d{1,2}(\\.\\d{1,2})?)|(\\.\\d{1,2}))\\s*n)?\\s*(((\\d{1,2}(\\.\\d{1,2})?)|(\\.\\d{1,2}))\\s*)?\\s*)$",
          "lengthMin": 1
        },
        "type": "DURATION",
        "internalName": "ActivityDefaultDuration",
        "label": "Default duration for new activities"
      },
      {
        "defaultValue": ".",
        "bounds": {
          "lengthMin": 1
        },
        "type": "STRING",
        "internalName": "WBSCodeSeparator",
        "label": "Code Separator",
        "hint": "Code separator is the character for separating concatenated codes. It is also the default WBS Code separator for new projects."
      },
      {
        "defaultValue": "",
        "type": "URL",
        "internalName": "ExpeditionRootUrl",
        "label": "Contract Management URL",
        "hint": "Entering a Contract Management URL will enable access to Contract Management from P6"
      },
      {
        "defaultValue": "",
        "type": "URL",
        "internalName": "WebAccessURL",
        "label": "P6 URL for Document Management",
        "hint": "Enter the P6 URL to enable users to view content repository documents in the P6 Professional module."
      },
      {
        "layoutChildren": [
          {
            "defaultValue": "",
            "value": "P3CE",
            "type": "OPTION",
            "label": "Engineering and Construction"
          },
          {
            "defaultValue": "",
            "value": "TPG",
            "type": "OPTION",
            "label": "Government, Aerospace, and Defense"
          },
          {
            "defaultValue": "",
            "value": "TPI",
            "type": "OPTION",
            "label": "High Tech, Manufacturing, and Others"
          },
          {
            "defaultValue": "",
            "value": "P3EU",
            "type": "OPTION",
            "label": "Utilities, Oil, and Gas"
          }
        ],
        "defaultValue": "TPI",
        "type": "DROPDOWN",
        "internalName": "IndustrySelection",
        "label": "Industry to use for terminology and default calculation settings in the P6 Professional module"
      }
    ],
    "defaultValue": "",
    "type": "GROUP",
    "internalName": "general-group",
    "label": "General"
  },
  {
    "layoutChildren": [
      {
        "defaultValue": "",
        "type": "INFORMATION",
        "label": "Specify the number of characters to allow for ID fields at each tree level"
      },
      {
        "defaultValue": "20",
        "bounds": {
          "numberMin": 1,
          "numberMax": 20
        },
        "type": "INTEGER",
        "internalName": "MaxProjectIDLength",
        "label": "Project ID maximum characters"
      },
      {
        "defaultValue": "20",
        "bounds": {
          "numberMin": 1,
          "numberMax": 20
        },
        "type": "INTEGER",
        "internalName": "MaxWBSCodeLength",
        "label": "WBS code maximum characters"
      },
      {
        "defaultValue": "20",
        "bounds": {
          "numberMin": 1,
          "numberMax": 20
        },
        "type": "INTEGER",
        "internalName": "MaxResourceIDLength",
        "label": "Resource ID maximum characters"
      },
      {
        "defaultValue": "20",
        "bounds": {
          "numberMin": 1,
          "numberMax": 20
        },
        "type": "INTEGER",
        "internalName": "MaxActivityIDLength",
        "label": "Activity ID maximum characters"
      },
      {
        "defaultValue": "20",
        "bounds": {
          "numberMin": 1,
          "numberMax": 20
        },
        "type": "INTEGER",
        "internalName": "MaxCostAccountIDLength",
        "label": "Cost Account ID maximum characters"
      },
      {
        "defaultValue": "20",
        "bounds": {
          "numberMin": 1,
          "numberMax": 20
        },
        "type": "INTEGER",
        "internalName": "MaxRoleIDLength",
        "label": "Role ID maximum characters"
      }
    ],
    "defaultValue": "",
    "type": "GROUP",
    "internalName": "id-lengths-group",
    "label": "ID Lengths"
  },
  {
    "layoutChildren": [
      {
        "layoutChildren": [
          {
            "layoutChildren": [
              {
                "defaultValue": "",
                "type": "DATE",
                "internalName": "StartDate",
                "label": "Start Date"
              },
              {
                "defaultValue": "2",
                "bounds": {
                  "numberMin": 0,
                  "numberMax": 99
                },
                "type": "INTEGER",
                "internalName": "RollingCount",
                "label": "Finish Date is Current Date plus"
              },
              {
                "layoutChildren": [
                  {
                    "defaultValue": "",
                    "value": "Year",
                    "type": "OPTION",
                    "label": "Years"
                  },
                  {
                    "defaultValue": "",
                    "value": "Month",
                    "type": "OPTION",
                    "label": "Months"
                  }
                ],
                "defaultValue": "Year",
                "type": "DROPDOWN",
                "internalName": "RollingInterval"
              },
              {
                "layoutChildren": [
                  {
                    "defaultValue": "",
                    "value": "SBT_DAY",
                    "type": "OPTION",
                    "label": "Day"
                  },
                  {
                    "defaultValue": "",
                    "value": "SBT_WEEK",
                    "type": "OPTION",
                    "label": "Week"
                  }
                ],
                "defaultValue": "SBT_DAY",
                "type": "DROPDOWN",
                "internalName": "Interval",
                "label": "Time distributed interval"
              }
            ],
            "defaultValue": "",
            "type": "GROUP",
            "internalName": "PublicationPeriod",
            "label": "Publication Period"
          },
          {
            "layoutChildren": [
              {
                "defaultValue": "true",
                "type": "BOOLEAN",
                "internalName": "ArbiterFlag",
                "label": "Enable Publish Projects"
              },
              {
                "layoutChildren": [
                  {
                    "defaultValue": "1",
                    "bounds": {
                      "numberMin": 0,
                      "numberMax": 99
                    },
                    "type": "INTEGER",
                    "internalName": "PollCount",
                    "label": "Publish projects every"
                  },
                  {
                    "layoutChildren": [
                      {
                        "defaultValue": "",
                        "value": "Minutes",
                        "type": "OPTION",
                        "label": "Minutes"
                      },
                      {
                        "defaultValue": "",
                        "value": "Hours",
                        "type": "OPTION",
                        "label": "Hours"
                      },
                      {
                        "defaultValue": "",
                        "value": "Days",
                        "type": "OPTION",
                        "label": "Days"
                      }
                    ],
                    "defaultValue": "Days",
                    "type": "DROPDOWN",
                    "internalName": "PollInterval"
                  },
                  {
                    "layoutChildren": [
                      {
                        "defaultValue": "10",
                        "type": "INTEGER",
                        "internalName": "ProjectRefernceCountThreshold",
                        "label": "Number of changes exceeds"
                      },
                      {
                        "defaultValue": "8h",
                        "bounds": {
                          "permissibleUnits": "y m w d h n",
                          "defaultUnit": "d",
                          "pattern": "^(\\s*(((\\d{1,2}(\\.\\d{1,2})?)|(\\.\\d{1,2}))\\s*y)?\\s*(((\\d{1,2}(\\.\\d{1,2})?)|(\\.\\d{1,2}))\\s*m)?\\s*(((\\d{1,2}(\\.\\d{1,2})?)|(\\.\\d{1,2}))\\s*w)?\\s*(((\\d{1,2}(\\.\\d{1,2})?)|(\\.\\d{1,2}))\\s*d)?\\s*(((\\d{1,2}(\\.\\d{1,2})?)|(\\.\\d{1,2}))\\s*h)?\\s*(((\\d{1,2}(\\.\\d{1,2})?)|(\\.\\d{1,2}))\\s*n)?\\s*(((\\d{1,2}(\\.\\d{1,2})?)|(\\.\\d{1,2}))\\s*)?\\s*)$"
                        },
                        "type": "DURATION",
                        "internalName": "ProjectLastQueuedInteval",
                        "label": "Time since last publication exceeds"
                      }
                    ],
                    "defaultValue": "",
                    "type": "INFORMATION",
                    "label": "Publish a changed project when the"
                  },
                  {
                    "layoutChildren": [
                      {
                        "defaultValue": "100",
                        "type": "INTEGER",
                        "internalName": "MaxJobsvcThreshold",
                        "label": "Maximum number to publish"
                      }
                    ],
                    "defaultValue": "true",
                    "type": "BOOLEAN",
                    "internalName": "AddDormantProjects",
                    "label": "Publish Idle Projects"
                  }
                ],
                "defaultValue": "",
                "governor": {
                  "internalName": "ArbiterFlag",
                  "values": [
                    "true"
                  ],
                  "action": "ENABLE"
                },
                "type": "GROUP",
                "internalName": "ArbiterGroup"
              },
              {
                "defaultValue": "false",
                "governor": {
                  "internalName": "ArbiterFlag",
                  "values": [
                    "true"
                  ],
                  "action": "ENABLE"
                },
                "type": "BOOLEAN",
                "internalName": "PublishBaselines",
                "label": "Enable Baseline Publication"
              }
            ],
            "defaultValue": "",
            "type": "GROUP",
            "internalName": "project-publication",
            "label": "Project Publication"
          }
        ],
        "defaultValue": "",
        "type": "GROUP",
        "internalName": "Publication",
        "label": "Publication"
      },
      {
        "layoutChildren": [
          {
            "defaultValue": "",
            "type": "INFORMATION",
            "label": "Specify the interval to summarize and store resource spreads"
          },
          {
            "layoutChildren": [
              {
                "defaultValue": "",
                "value": "SummarizeByCalendar",
                "type": "OPTION",
                "label": "By Calendar"
              },
              {
                "defaultValue": "",
                "value": "SummarizeByFinancialPeriods",
                "type": "OPTION",
                "label": "By Financial Periods"
              },
              {
                "defaultValue": "",
                "value": "both",
                "type": "OPTION",
                "label": "By Both Calendar and Financial Periods"
              }
            ],
            "defaultValue": "both",
            "type": "CHOICE",
            "internalName": "summarize-by",
            "label": "Summarize"
          },
          {
            "layoutChildren": [
              {
                "defaultValue": "",
                "value": "SP_Week",
                "type": "OPTION",
                "label": "Week"
              },
              {
                "defaultValue": "",
                "value": "SP_Month",
                "type": "OPTION",
                "label": "Month"
              }
            ],
            "defaultValue": "SP_Week",
            "governor": {
              "internalName": "summarize-by",
              "values": [
                "SummarizeByCalendar",
                "both"
              ],
              "action": "ENABLE"
            },
            "type": "DROPDOWN",
            "internalName": "TaskSumPeriodType",
            "label": "WBS Level"
          },
          {
            "layoutChildren": [
              {
                "defaultValue": "",
                "value": "SP_Week",
                "type": "OPTION",
                "label": "Week"
              },
              {
                "defaultValue": "",
                "value": "SP_Month",
                "type": "OPTION",
                "label": "Month"
              }
            ],
            "defaultValue": "SP_Week",
            "governor": {
              "internalName": "summarize-by",
              "values": [
                "SummarizeByCalendar",
                "both"
              ],
              "action": "ENABLE"
            },
            "type": "DROPDOWN",
            "internalName": "TaskrsrcSumPeriodType",
            "label": "Resource/Role Assignment"
          }
        ],
        "defaultValue": "",
        "type": "GROUP",
        "internalName": "summarization-periods",
        "label": "Summarization Periods"
      }
    ],
    "defaultValue": "",
    "type": "GROUP",
    "internalName": "services-group",
    "label": "Services"
  },
  {
    "layoutChildren": [
      {
        "layoutChildren": [
          {
            "defaultValue": "false",
            "type": "BOOLEAN",
            "internalName": "ResourceUseTSFlag",
            "label": "New resources use timesheets by default"
          },
          {
            "defaultValue": "true",
            "type": "BOOLEAN",
            "internalName": "RsrcSelfAddFlag",
            "label": "Resources can assign themselves to activities by default"
          },
          {
            "defaultValue": "false",
            "type": "BOOLEAN",
            "internalName": "EnableTSAudit",
            "label": "Enable timesheet auditing"
          }
        ],
        "defaultValue": "",
        "type": "GROUP",
        "internalName": "GeneralSettings",
        "label": "General Settings"
      },
      {
        "layoutChildren": [
          {
            "layoutChildren": [
              {
                "defaultValue": "",
                "value": "-1",
                "type": "OPTION",
                "label": "Auto Submission - No submission or approval is required"
              },
              {
                "defaultValue": "",
                "value": "0",
                "type": "OPTION",
                "label": "Auto Approval - Automatically approve upon submission"
              },
              {
                "defaultValue": "",
                "value": "1",
                "type": "OPTION",
                "label": "One approval level - Resource manager approval required"
              },
              {
                "layoutChildren": [
                  {
                    "defaultValue": "true",
                    "governor": {
                      "internalName": "TSApprovalLevels",
                      "values": [
                        "2"
                      ],
                      "action": "ENABLE"
                    },
                    "type": "BOOLEAN",
                    "internalName": "Level2TSApprovalOrder",
                    "label": "Project manager must approve before Resource manager"
                  }
                ],
                "defaultValue": "",
                "value": "2",
                "type": "OPTION",
                "label": "Two approval levels - Project and Resource managers approval required"
              }
            ],
            "defaultValue": "1",
            "type": "CHOICE",
            "internalName": "TSApprovalLevels"
          },
          {
            "defaultValue": "",
            "governor": {
              "internalName": "TSApprovalLevels",
              "values": [
                "1",
                "2"
              ],
              "action": "ENABLE"
            },
            "type": "USER",
            "internalName": "DefaultTSApprovalMgr",
            "label": "Default Resource manager approving timesheets when one or two approval levels required"
          }
        ],
        "defaultValue": "",
        "type": "GROUP",
        "internalName": "timesheet-approval-level-group",
        "label": "Timesheet Approval Level"
      }
    ],
    "defaultValue": "",
    "type": "GROUP",
    "internalName": "timesheets-group",
    "label": "Timesheets"
  },
  {
    "layoutChildren": [
      {
        "layoutChildren": [
          {
            "defaultValue": "8.0",
            "bounds": {
              "numberStep": 0.1,
              "numberMin": 1,
              "numberMax": 24
            },
            "type": "NUMBER",
            "internalName": "HoursPerDay",
            "label": "Hours/Day"
          },
          {
            "defaultValue": "40.0",
            "bounds": {
              "numberStep": 0.1,
              "numberMin": 1,
              "numberMax": 168
            },
            "type": "NUMBER",
            "internalName": "HoursPerWeek",
            "label": "Hours/Week"
          },
          {
            "defaultValue": "172.0",
            "bounds": {
              "numberStep": 0.1,
              "numberMin": 1,
              "numberMax": 744
            },
            "type": "NUMBER",
            "internalName": "HoursPerMonth",
            "label": "Hours/Month"
          },
          {
            "defaultValue": "2000.0",
            "bounds": {
              "numberStep": 0.1,
              "numberMin": 1,
              "numberMax": 8784
            },
            "type": "NUMBER",
            "internalName": "HoursPerYear",
            "label": "Hours/Year"
          },
          {
            "defaultValue": "true",
            "type": "BOOLEAN",
            "internalName": "UseCalendarTimePeriodsFlag",
            "label": "Use assigned calendar to specify the number of work hours for each time period"
          }
        ],
        "defaultValue": "",
        "type": "GROUP",
        "internalName": "hours-per-time-period-group",
        "label": "Work Hours per Time Period"
      },
      {
        "layoutChildren": [
          {
            "defaultValue": "n",
            "bounds": {
              "distinctGroup": [
                "MinuteChar",
                "HourChar",
                "DayChar",
                "WeekChar",
                "MonthChar",
                "YearChar"
              ],
              "pattern": "^[A-z]{1,4}$",
              "lengthMin": 1,
              "lengthMax": 4
            },
            "type": "STRING",
            "internalName": "MinuteChar",
            "label": "Minutes"
          },
          {
            "defaultValue": "h",
            "bounds": {
              "pattern": "^[A-z]{1,4}$",
              "lengthMin": 1,
              "lengthMax": 4
            },
            "type": "STRING",
            "internalName": "HourChar",
            "label": "Hours"
          },
          {
            "defaultValue": "d",
            "bounds": {
              "pattern": "^[A-z]{1,4}$",
              "lengthMin": 1,
              "lengthMax": 4
            },
            "type": "STRING",
            "internalName": "DayChar",
            "label": "Days"
          },
          {
            "defaultValue": "w",
            "bounds": {
              "pattern": "^[A-z]{1,4}$",
              "lengthMin": 1,
              "lengthMax": 4
            },
            "type": "STRING",
            "internalName": "WeekChar",
            "label": "Weeks"
          },
          {
            "defaultValue": "m",
            "bounds": {
              "pattern": "^[A-z]{1,4}$",
              "lengthMin": 1,
              "lengthMax": 4
            },
            "type": "STRING",
            "internalName": "MonthChar",
            "label": "Months"
          },
          {
            "defaultValue": "y",
            "bounds": {
              "pattern": "^[A-z]{1,4}$",
              "lengthMin": 1,
              "lengthMax": 4
            },
            "type": "STRING",
            "internalName": "YearChar",
            "label": "Years"
          }
        ],
        "defaultValue": "",
        "type": "GROUP",
        "internalName": "time-period-abbreviations",
        "label": "Time Period Abbreviations"
      }
    ],
    "defaultValue": "",
    "type": "GROUP",
    "internalName": "time-periods-group",
    "label": "Time Periods"
  }
]
