{
  "MaxJobsvcThreshold": "1",
  "YearChar": "yyyy",
  "HoursPerDay": "24",
  "EvEtcUserValue": "0.88",
  "MaxRoleIDLength": "20",
  "StartDate": "09-28-2012 00:00:00",
  "ProjectLastQueuedInteval": "878471.0",
  "WBSCodeSeparator": ",",
  "MAxActivityCodeTreeLevels": "25",
  "RollingInterval": "Month",
  "RsrcSelfAddFlag": "false",
  "MaxRSRCTreeLevels": "25",
  "MaxResourceIDLength": "20",
  "MaxOBSTreeLevels": "25",
  "ArbiterFlag": "false",
  "EvUserPct": "100",
  "EvEtcComputeType": "EE_PF_user",
  "AddDormantProjects": "false",
  "MaxWBSTreeLevels": "2",
  "MAxResourceCodeTreeLevels": "25",
  "ExpeditionRootUrl": "http://thishosthasareallylongname.us.oracle.com/exponline/logon.jsp",
  "TaskrsrcSumPeriodType": "SP_Month",
  "HoursPerMonth": "744",
  "ActivityDefaultDuration": "5d",
  "WeekStartDay": "7",
  "MaxBaselinesPerProject": "1",
  "PollCount": "1",
  "MonthChar": "mmmm",
  "Level2TSApprovalOrder": "true",
  "MaxCostAccountIDLength": "20",
  "UseCalendarTimePeriodsFlag": "false",
  "MaxCostAccntTreeLevels": "25",
  "WeekChar": "wwww",
  "ResourceUseTSFlag": "false",
  "EnableTSAudit": "false",
  "Interval": "SBT_WEEK",
  "HoursPerWeek": "168",
  "MaxRoleTreeLevels": "25",
  "MAxProjectCodeTreeLevels": "25",
  "MaxActCodesPerProject": "5",
  "HoursPerYear": "8784",
  "WebAccessURL": "http://thishosthasareallyREALLYlongname.us.oracle.com/p6/",
  "DayChar": "dddd",
  "HourChar": "hhhh",
  "SummarizeByFinancialPeriods": "true",
  "SummarizeByCalendar": "true",
  "MaxBaselinesCopiedWithProject": "50",
  "MaxActivityIDLength": "20",
  "IndustrySelection": "P3EU",
  "MinuteChar": "nnnn",
  "MaxProjectIDLength": "20",
  "PollInterval": "Days",
  "summarize-by": "SummarizeByCalendar",
  "TaskSumPeriodType": "SP_Month",
  "ProjectRefernceCountThreshold": "1",
  "EvComputeType": "EC_User_pct",
  "DefaultTSApprovalMgr": "weblogic",
  "RollingCount": "99",
  "PublishBaselines": "false",
  "EVCalculation": "EV_BudgCur",
  "TSApprovalLevels": "2",
  "MaxWBSCodeLength": "20"
}
