{"exception" : null, "responseObject" : [
    {
        "columnId" : "5850",
        "defaultColumnLabel" : "ACTUALS INVOICE AMOUNT",
        "tableName" : "CONTRACTS"
    },
    {
        "columnId" : "5851",
        "defaultColumnLabel" : "ACTUALS PAID AMOUNT",
        "tableName" : "CONTRACTS"
    },
    {
        "columnId" : "5844",
        "defaultColumnLabel" : "APPROVED CHANGES AMOUNT",
        "tableName" : "CONTRACTS"
    },
    {
        "columnId" : "5846",
        "defaultColumnLabel" : "CHANGE MANAGEMENT ID",
        "tableName" : "CONTRACTS"
    },
    {
        "columnId" : "5832",
        "defaultColumnLabel" : "CONTRACT DATE",
        "tableName" : "CONTRACTS"
    },
    {
        "columnId" : "5825",
        "columnNmId" : "61",
        "columnLabel" : "Today's Dates",
        "columnDescription" : "Hello Test >",
        "defaultColumnLabel" : "CONTRACT NAME",
        "tableName" : "CONTRACTS",
        "domainName" : "CORE"
    },
    {
        "columnId" : "5831",
        "defaultColumnLabel" : "CONTRACT NUMBER",
        "tableName" : "CONTRACTS"
    },
    {
        "columnId" : "5830",
        "defaultColumnLabel" : "CONTRACT TYPE",
        "tableName" : "CONTRACTS"
    },
    {
        "columnId" : "5857",
        "defaultColumnLabel" : "CREATE_DATE",
        "tableName" : "CONTRACTS"
    },
    {
        "columnId" : "5858",
        "defaultColumnLabel" : "CREATE_USER",
        "tableName" : "CONTRACTS"
    },
    {
        "columnId" : "5833",
        "defaultColumnLabel" : "CURRENCY CODE",
        "tableName" : "CONTRACTS"
    },
    {
        "columnId" : "5840",
        "defaultColumnLabel" : "DESCRIPTION",
        "tableName" : "CONTRACTS"
    },
    {
        "columnId" : "5842",
        "defaultColumnLabel" : "FINISH DATE",
        "tableName" : "CONTRACTS"
    },
    {
        "columnId" : "5852",
        "defaultColumnLabel" : "FIXED_RATE_FLAG",
        "tableName" : "CONTRACTS"
    },
    {
        "columnId" : "5853",
        "defaultColumnLabel" : "LANGUAGE_CODE",
        "tableName" : "CONTRACTS"
    },
    {
        "columnId" : "5843",
        "defaultColumnLabel" : "PENDING CHANGES AMOUNT",
        "tableName" : "CONTRACTS"
    },
    {
        "columnId" : "5836",
        "defaultColumnLabel" : "PRIORITY",
        "tableName" : "CONTRACTS"
    },
    {
        "columnId" : "5849",
        "defaultColumnLabel" : "REVISED COMPLETION DATE",
        "tableName" : "CONTRACTS"
    },
    {
        "columnId" : "5839",
        "defaultColumnLabel" : "SPECIFICATION SECTION",
        "tableName" : "CONTRACTS"
    },
    {
        "columnId" : "5841",
        "defaultColumnLabel" : "START DATE",
        "tableName" : "CONTRACTS"
    },
    {
        "columnId" : "5835",
        "defaultColumnLabel" : "STATUS",
        "tableName" : "CONTRACTS"
    },
    {
        "columnId" : "5854",
        "defaultColumnLabel" : "TEXT_SEARCH",
        "tableName" : "CONTRACTS"
    },
    {
        "columnId" : "5845",
        "defaultColumnLabel" : "TOTAL CONTRACT AMOUNT",
        "tableName" : "CONTRACTS"
    },
    {
        "columnId" : "5855",
        "defaultColumnLabel" : "UPDATE_DATE",
        "tableName" : "CONTRACTS"
    },
    {
        "columnId" : "5856",
        "defaultColumnLabel" : "UPDATE_USER",
        "tableName" : "CONTRACTS"
    },
    {
        "columnId" : "5847",
        "defaultColumnLabel" : "WORK_COMPLETED_FLAG",
        "tableName" : "CONTRACTS"
    },
    {
        "columnId" : "5848",
        "defaultColumnLabel" : "WORK_STARTED_FLAG",
        "tableName" : "CONTRACTS"
    }
], "totalCount" : 0, "schema" : null}