{"exception" : null, "responseObject" : [
    {
        "FD_TABLES-TABLE_ID" : "200",
        "FD_TABLES-TABLE_NAME" : "CONTRACTS_F",
        "FD_TABLES-TABLE_TYPE" : "FLEX",
        "FD_TABLES-TABLE_SUB_TYPE" : "NONE"
    },
    {
        "FD_TABLES-TABLE_ID" : "212",
        "FD_TABLES-TABLE_NAME" : "CONTRACT_ITEMS_F",
        "FD_TABLES-TABLE_TYPE" : "FLEX",
        "FD_TABLES-TABLE_SUB_TYPE" : "NONE"
    },
    {
        "FD_TABLES-TABLE_ID" : "224",
        "FD_TABLES-TABLE_NAME" : "CORRESPONDENCE_RCVD_F",
        "FD_TABLES-TABLE_TYPE" : "FLEX",
        "FD_TABLES-TABLE_SUB_TYPE" : "NONE"
    },
    {
        "FD_TABLES-TABLE_ID" : "233",
        "FD_TABLES-TABLE_NAME" : "CORRESPONDENCE_SENT_F",
        "FD_TABLES-TABLE_TYPE" : "FLEX",
        "FD_TABLES-TABLE_SUB_TYPE" : "NONE"
    },
    {
        "FD_TABLES-TABLE_ID" : "242",
        "FD_TABLES-TABLE_NAME" : "COST_ACCOUNTS_F",
        "FD_TABLES-TABLE_TYPE" : "FLEX",
        "FD_TABLES-TABLE_SUB_TYPE" : "NONE"
    },
    {
        "FD_TABLES-TABLE_ID" : "270",
        "FD_TABLES-TABLE_NAME" : "DAILY_REPORTS_F",
        "FD_TABLES-TABLE_TYPE" : "FLEX",
        "FD_TABLES-TABLE_SUB_TYPE" : "NONE"
    },
    {
        "FD_TABLES-TABLE_ID" : "282",
        "FD_TABLES-TABLE_NAME" : "DAILY_REPORT_DLVRY_F",
        "FD_TABLES-TABLE_TYPE" : "FLEX",
        "FD_TABLES-TABLE_SUB_TYPE" : "NONE"
    },
    {
        "FD_TABLES-TABLE_ID" : "291",
        "FD_TABLES-TABLE_NAME" : "DAILY_REPORT_EQUIP_F",
        "FD_TABLES-TABLE_TYPE" : "FLEX",
        "FD_TABLES-TABLE_SUB_TYPE" : "NONE"
    },
    {
        "FD_TABLES-TABLE_ID" : "300",
        "FD_TABLES-TABLE_NAME" : "DAILY_REPORT_LABOR_F",
        "FD_TABLES-TABLE_TYPE" : "FLEX",
        "FD_TABLES-TABLE_SUB_TYPE" : "NONE"
    },
    {
        "FD_TABLES-TABLE_ID" : "309",
        "FD_TABLES-TABLE_NAME" : "DAILY_REPORT_VISITORS_F",
        "FD_TABLES-TABLE_TYPE" : "FLEX",
        "FD_TABLES-TABLE_SUB_TYPE" : "NONE"
    },
    {
        "FD_TABLES-TABLE_ID" : "9",
        "FD_TABLES-TABLE_NAME" : "ACTIVITIES_F",
        "FD_TABLES-TABLE_TYPE" : "FLEX",
        "FD_TABLES-TABLE_SUB_TYPE" : "NONE"
    },
    {
        "FD_TABLES-TABLE_ID" : "30",
        "FD_TABLES-TABLE_NAME" : "ACTIVITY_COSTS_F",
        "FD_TABLES-TABLE_TYPE" : "FLEX",
        "FD_TABLES-TABLE_SUB_TYPE" : "NONE"
    },
    {
        "FD_TABLES-TABLE_ID" : "119",
        "FD_TABLES-TABLE_NAME" : "CHANGE_MGMT_F",
        "FD_TABLES-TABLE_TYPE" : "FLEX",
        "FD_TABLES-TABLE_SUB_TYPE" : "NONE"
    },
    {
        "FD_TABLES-TABLE_ID" : "128",
        "FD_TABLES-TABLE_NAME" : "CHANGE_ORDERS_F",
        "FD_TABLES-TABLE_TYPE" : "FLEX",
        "FD_TABLES-TABLE_SUB_TYPE" : "NONE"
    },
    {
        "FD_TABLES-TABLE_ID" : "137",
        "FD_TABLES-TABLE_NAME" : "CHANGE_ORDER_ITEMS_F",
        "FD_TABLES-TABLE_TYPE" : "FLEX",
        "FD_TABLES-TABLE_SUB_TYPE" : "NONE"
    },
    {
        "FD_TABLES-TABLE_ID" : "148",
        "FD_TABLES-TABLE_NAME" : "CM_COMMITMENTS_F",
        "FD_TABLES-TABLE_TYPE" : "FLEX",
        "FD_TABLES-TABLE_SUB_TYPE" : "NONE"
    },
    {
        "FD_TABLES-TABLE_ID" : "166",
        "FD_TABLES-TABLE_NAME" : "COMPANIES_F",
        "FD_TABLES-TABLE_TYPE" : "FLEX",
        "FD_TABLES-TABLE_SUB_TYPE" : "NONE"
    },
    {
        "FD_TABLES-TABLE_ID" : "498",
        "FD_TABLES-TABLE_NAME" : "INVOICES_F",
        "FD_TABLES-TABLE_TYPE" : "FLEX",
        "FD_TABLES-TABLE_SUB_TYPE" : "NONE"
    },
    {
        "FD_TABLES-TABLE_ID" : "516",
        "FD_TABLES-TABLE_NAME" : "ITEMS_AF",
        "FD_TABLES-TABLE_TYPE" : "FLEX",
        "FD_TABLES-TABLE_SUB_TYPE" : "NONE"
    },
    {
        "FD_TABLES-TABLE_ID" : "524",
        "FD_TABLES-TABLE_NAME" : "ITEMS_F",
        "FD_TABLES-TABLE_TYPE" : "FLEX",
        "FD_TABLES-TABLE_SUB_TYPE" : "NONE"
    },
    {
        "FD_TABLES-TABLE_ID" : "805",
        "FD_TABLES-TABLE_NAME" : "PUNCH_LIST_ITEMS_F",
        "FD_TABLES-TABLE_TYPE" : "FLEX",
        "FD_TABLES-TABLE_SUB_TYPE" : "NONE"
    },
    {
        "FD_TABLES-TABLE_ID" : "836",
        "FD_TABLES-TABLE_NAME" : "REQUESTS_F",
        "FD_TABLES-TABLE_TYPE" : "FLEX",
        "FD_TABLES-TABLE_SUB_TYPE" : "NONE"
    },
    {
        "FD_TABLES-TABLE_ID" : "848",
        "FD_TABLES-TABLE_NAME" : "REQUISITIONS_F",
        "FD_TABLES-TABLE_TYPE" : "FLEX",
        "FD_TABLES-TABLE_SUB_TYPE" : "NONE"
    },
    {
        "FD_TABLES-TABLE_ID" : "860",
        "FD_TABLES-TABLE_NAME" : "REQUISITION_ITEMS_F",
        "FD_TABLES-TABLE_TYPE" : "FLEX",
        "FD_TABLES-TABLE_SUB_TYPE" : "NONE"
    },
    {
        "FD_TABLES-TABLE_ID" : "550",
        "FD_TABLES-TABLE_NAME" : "ITEM_COSTS_F",
        "FD_TABLES-TABLE_TYPE" : "FLEX",
        "FD_TABLES-TABLE_SUB_TYPE" : "NONE"
    },
    {
        "FD_TABLES-TABLE_ID" : "601",
        "FD_TABLES-TABLE_NAME" : "MASTER_AGREEMENTS_F",
        "FD_TABLES-TABLE_TYPE" : "FLEX",
        "FD_TABLES-TABLE_SUB_TYPE" : "NONE"
    },
    {
        "FD_TABLES-TABLE_ID" : "610",
        "FD_TABLES-TABLE_NAME" : "MASTER_ITEMS_F",
        "FD_TABLES-TABLE_TYPE" : "FLEX",
        "FD_TABLES-TABLE_SUB_TYPE" : "NONE"
    },
    {
        "FD_TABLES-TABLE_ID" : "619",
        "FD_TABLES-TABLE_NAME" : "MATERIALS_F",
        "FD_TABLES-TABLE_TYPE" : "FLEX",
        "FD_TABLES-TABLE_SUB_TYPE" : "NONE"
    },
    {
        "FD_TABLES-TABLE_ID" : "631",
        "FD_TABLES-TABLE_NAME" : "MATERIAL_ITEMS_F",
        "FD_TABLES-TABLE_TYPE" : "FLEX",
        "FD_TABLES-TABLE_SUB_TYPE" : "NONE"
    },
    {
        "FD_TABLES-TABLE_ID" : "640",
        "FD_TABLES-TABLE_NAME" : "MEETINGS_F",
        "FD_TABLES-TABLE_TYPE" : "FLEX",
        "FD_TABLES-TABLE_SUB_TYPE" : "NONE"
    },
    {
        "FD_TABLES-TABLE_ID" : "649",
        "FD_TABLES-TABLE_NAME" : "MEETING_ATTENDEES_F",
        "FD_TABLES-TABLE_TYPE" : "FLEX",
        "FD_TABLES-TABLE_SUB_TYPE" : "NONE"
    },
    {
        "FD_TABLES-TABLE_ID" : "658",
        "FD_TABLES-TABLE_NAME" : "MEETING_ITEMS_F",
        "FD_TABLES-TABLE_TYPE" : "FLEX",
        "FD_TABLES-TABLE_SUB_TYPE" : "NONE"
    },
    {
        "FD_TABLES-TABLE_ID" : "670",
        "FD_TABLES-TABLE_NAME" : "NON_COMPLIANCE_F",
        "FD_TABLES-TABLE_TYPE" : "FLEX",
        "FD_TABLES-TABLE_SUB_TYPE" : "NONE"
    },
    {
        "FD_TABLES-TABLE_ID" : "679",
        "FD_TABLES-TABLE_NAME" : "NOTICES_F",
        "FD_TABLES-TABLE_TYPE" : "FLEX",
        "FD_TABLES-TABLE_SUB_TYPE" : "NONE"
    },
    {
        "FD_TABLES-TABLE_ID" : "725",
        "FD_TABLES-TABLE_NAME" : "PROJECTS_F",
        "FD_TABLES-TABLE_TYPE" : "FLEX",
        "FD_TABLES-TABLE_SUB_TYPE" : "NONE"
    },
    {
        "FD_TABLES-TABLE_ID" : "736",
        "FD_TABLES-TABLE_NAME" : "PROJECT_ACCOUNTS_F",
        "FD_TABLES-TABLE_TYPE" : "FLEX",
        "FD_TABLES-TABLE_SUB_TYPE" : "NONE"
    },
    {
        "FD_TABLES-TABLE_ID" : "778",
        "FD_TABLES-TABLE_NAME" : "PROPOSALS_F",
        "FD_TABLES-TABLE_TYPE" : "FLEX",
        "FD_TABLES-TABLE_SUB_TYPE" : "NONE"
    },
    {
        "FD_TABLES-TABLE_ID" : "787",
        "FD_TABLES-TABLE_NAME" : "PROPOSAL_ITEMS_F",
        "FD_TABLES-TABLE_TYPE" : "FLEX",
        "FD_TABLES-TABLE_SUB_TYPE" : "NONE"
    },
    {
        "FD_TABLES-TABLE_ID" : "796",
        "FD_TABLES-TABLE_NAME" : "PUNCH_LISTS_F",
        "FD_TABLES-TABLE_TYPE" : "FLEX",
        "FD_TABLES-TABLE_SUB_TYPE" : "NONE"
    },
    {
        "FD_TABLES-TABLE_ID" : "950",
        "FD_TABLES-TABLE_NAME" : "SUBMITTALS_F",
        "FD_TABLES-TABLE_TYPE" : "FLEX",
        "FD_TABLES-TABLE_SUB_TYPE" : "NONE"
    },
    {
        "FD_TABLES-TABLE_ID" : "962",
        "FD_TABLES-TABLE_NAME" : "SUBMITTAL_ITEMS_F",
        "FD_TABLES-TABLE_TYPE" : "FLEX",
        "FD_TABLES-TABLE_SUB_TYPE" : "NONE"
    },
    {
        "FD_TABLES-TABLE_ID" : "971",
        "FD_TABLES-TABLE_NAME" : "SUBMITTAL_PACKAGES_F",
        "FD_TABLES-TABLE_TYPE" : "FLEX",
        "FD_TABLES-TABLE_SUB_TYPE" : "NONE"
    }
], "totalCount" : 0, "schema" : null}