[
    {
        "firstName" : "Belinda",
        "lastName" : "Hix",
        "userName" : "belinda.hix"
    },
    {
        "firstName" : "Tiffany",
        "lastName" : "Dickson",
        "userName" : "tiffany.dickson"
    },
    {
        "firstName" : "Sally",
        "lastName" : "Keene",
        "userName" : "sally.keene"
    },
    {
        "firstName" : "Della",
        "lastName" : "Loucks",
        "userName" : "della.loucks",
        "displayName" : "Della Loucks",
        "emailAddress" : "dloucks@some.com",
        "phoneNumber" : "342-436-2342"
    },
    {
        "firstName" : "Jesse",
        "lastName" : "Struble",
        "userName" : "jesse.struble"
    },
    {
        "firstName" : "Regina",
        "lastName" : "West",
        "userName" : "regina.west"
    },
    {
        "firstName" : "Jacqueline",
        "lastName" : "Macpherson",
        "userName" : "jacqueline.macpherson"
    },
    {
        "firstName" : "Jacob",
        "lastName" : "Rollo",
        "userName" : "jacob.rollo"
    },
    {
        "firstName" : "Walter",
        "lastName" : "Warner",
        "userName" : "walter.warner"
    },
    {
        "firstName" : "Craig",
        "lastName" : "Banta",
        "userName" : "craig.banta"
    }
]
