[
    {
        "internalName":"SuperUser",
        "displayName":"SuperUser",
        "description":"SuperUser"
    },
    {
        "internalName":"Scheduler",
        "displayName": "Scheduler",
        "description":"Scheduler Role"
    },
    {
        "internalName":"LabelAdmin",
        "displayName": "Label Admin",
        "description":"Label Admin Role"
    },
    {
        "internalName":"FieldAdmin",
        "displayName": "Field Admin",
        "description":"Field Admin Role"
    },
    {
        "internalName":"Administrator",
        "displayName":"Administrator",
        "description":"General Administrator Role"
    },
    {
        "internalName":"TeamMember",
        "displayName":"Team Member",
        "description":"Team Member Role"
    },
    {
        "internalName":"BusinessUnitsAdministrator",
        "displayName":"Business Units Administrator",
        "description":"Business Units Administrator Role"
    },
    {
        "internalName":"CustomFieldsAdministrator",
        "displayName":"Custom Fields Administrator",
        "description":"Custom Fields Administrator Role"
    },
    {
        "internalName":"Executive",
        "displayName":"Executive",
        "description":"Executive Role"
    },
    {
        "internalName":"GlobalDataDictionariesAdministrator",
        "displayName":"Global Data Dictionaries Administrator",
        "description":"Global Data Dictionaries Administrator Role"
    },
    {
        "internalName":"ProjectControlsCoordinator",
        "displayName":"Project Controls Coordinator",
        "description":"Project Controls Coordinator Role"
    },
    {
        "internalName":"ReportsAdministrator",
        "displayName":"Reports Administrator",
        "description":"Reports Administrator Role"
    },
    {
        "internalName":"Stakeholder",
        "displayName":"Stakeholder",
        "description":"Stakeholder Role"
    }
]
