{"exception" : null, "responseObject" : [
    {
        "FD_TABLES-TABLE_ID" : "199",
        "FD_TABLES-TABLE_NAME" : "CONTRACTS",
        "FD_TABLES-TABLE_TYPE" : "TRANSACTIONAL",
        "FD_TABLES-TABLE_SUB_TYPE" : "NONE"
    },
    {
        "FD_TABLES-TABLE_ID" : "208",
        "FD_TABLES-TABLE_NAME" : "CONTRACT_CERTS",
        "FD_TABLES-TABLE_TYPE" : "TRANSACTIONAL",
        "FD_TABLES-TABLE_SUB_TYPE" : "NONE"
    },
    {
        "FD_TABLES-TABLE_ID" : "211",
        "FD_TABLES-TABLE_NAME" : "CONTRACT_ITEMS",
        "FD_TABLES-TABLE_TYPE" : "TRANSACTIONAL",
        "FD_TABLES-TABLE_SUB_TYPE" : "NONE"
    },
    {
        "FD_TABLES-TABLE_ID" : "220",
        "FD_TABLES-TABLE_NAME" : "CONTRACT_SETTINGS",
        "FD_TABLES-TABLE_TYPE" : "TRANSACTIONAL",
        "FD_TABLES-TABLE_SUB_TYPE" : "NONE"
    },
    {
        "FD_TABLES-TABLE_ID" : "223",
        "FD_TABLES-TABLE_NAME" : "CORRESPONDENCE_RCVD",
        "FD_TABLES-TABLE_TYPE" : "TRANSACTIONAL",
        "FD_TABLES-TABLE_SUB_TYPE" : "NONE"
    },
    {
        "FD_TABLES-TABLE_ID" : "232",
        "FD_TABLES-TABLE_NAME" : "CORRESPONDENCE_SENT",
        "FD_TABLES-TABLE_TYPE" : "TRANSACTIONAL",
        "FD_TABLES-TABLE_SUB_TYPE" : "NONE"
    },
    {
        "FD_TABLES-TABLE_ID" : "241",
        "FD_TABLES-TABLE_NAME" : "COST_ACCOUNTS",
        "FD_TABLES-TABLE_TYPE" : "TRANSACTIONAL",
        "FD_TABLES-TABLE_SUB_TYPE" : "NONE"
    },
    {
        "FD_TABLES-TABLE_ID" : "252",
        "FD_TABLES-TABLE_NAME" : "COST_CATEGORIES",
        "FD_TABLES-TABLE_TYPE" : "TRANSACTIONAL",
        "FD_TABLES-TABLE_SUB_TYPE" : "NONE"
    },
    {
        "FD_TABLES-TABLE_ID" : "257",
        "FD_TABLES-TABLE_NAME" : "CURRENCIES",
        "FD_TABLES-TABLE_TYPE" : "TRANSACTIONAL",
        "FD_TABLES-TABLE_SUB_TYPE" : "NONE"
    },
    {
        "FD_TABLES-TABLE_ID" : "260",
        "FD_TABLES-TABLE_NAME" : "CURRENCY_RATES",
        "FD_TABLES-TABLE_TYPE" : "TRANSACTIONAL",
        "FD_TABLES-TABLE_SUB_TYPE" : "NONE"
    },
    {
        "FD_TABLES-TABLE_ID" : "263",
        "FD_TABLES-TABLE_NAME" : "CURRENCY_RATE_TYPES",
        "FD_TABLES-TABLE_TYPE" : "TRANSACTIONAL",
        "FD_TABLES-TABLE_SUB_TYPE" : "NONE"
    },
    {
        "FD_TABLES-TABLE_ID" : "266",
        "FD_TABLES-TABLE_NAME" : "CURVES",
        "FD_TABLES-TABLE_TYPE" : "TRANSACTIONAL",
        "FD_TABLES-TABLE_SUB_TYPE" : "NONE"
    },
    {
        "FD_TABLES-TABLE_ID" : "269",
        "FD_TABLES-TABLE_NAME" : "DAILY_REPORTS",
        "FD_TABLES-TABLE_TYPE" : "TRANSACTIONAL",
        "FD_TABLES-TABLE_SUB_TYPE" : "NONE"
    },
    {
        "FD_TABLES-TABLE_ID" : "278",
        "FD_TABLES-TABLE_NAME" : "DAILY_REPORT_ACTIVITIES",
        "FD_TABLES-TABLE_TYPE" : "TRANSACTIONAL",
        "FD_TABLES-TABLE_SUB_TYPE" : "NONE"
    },
    {
        "FD_TABLES-TABLE_ID" : "281",
        "FD_TABLES-TABLE_NAME" : "DAILY_REPORT_DLVRY",
        "FD_TABLES-TABLE_TYPE" : "TRANSACTIONAL",
        "FD_TABLES-TABLE_SUB_TYPE" : "NONE"
    },
    {
        "FD_TABLES-TABLE_ID" : "290",
        "FD_TABLES-TABLE_NAME" : "DAILY_REPORT_EQUIP",
        "FD_TABLES-TABLE_TYPE" : "TRANSACTIONAL",
        "FD_TABLES-TABLE_SUB_TYPE" : "NONE"
    },
    {
        "FD_TABLES-TABLE_ID" : "299",
        "FD_TABLES-TABLE_NAME" : "DAILY_REPORT_LABOR",
        "FD_TABLES-TABLE_TYPE" : "TRANSACTIONAL",
        "FD_TABLES-TABLE_SUB_TYPE" : "NONE"
    },
    {
        "FD_TABLES-TABLE_ID" : "308",
        "FD_TABLES-TABLE_NAME" : "DAILY_REPORT_VISITORS",
        "FD_TABLES-TABLE_TYPE" : "TRANSACTIONAL",
        "FD_TABLES-TABLE_SUB_TYPE" : "NONE"
    },
    {
        "FD_TABLES-TABLE_ID" : "317",
        "FD_TABLES-TABLE_NAME" : "DAYS",
        "FD_TABLES-TABLE_TYPE" : "TRANSACTIONAL",
        "FD_TABLES-TABLE_SUB_TYPE" : "NONE"
    },
    {
        "FD_TABLES-TABLE_ID" : "1",
        "FD_TABLES-TABLE_NAME" : "ACCOUNT_POSTINGS",
        "FD_TABLES-TABLE_TYPE" : "TRANSACTIONAL",
        "FD_TABLES-TABLE_SUB_TYPE" : "NONE"
    },
    {
        "FD_TABLES-TABLE_ID" : "4",
        "FD_TABLES-TABLE_NAME" : "ACTIVITIES",
        "FD_TABLES-TABLE_TYPE" : "TRANSACTIONAL",
        "FD_TABLES-TABLE_SUB_TYPE" : "NONE"
    },
    {
        "FD_TABLES-TABLE_ID" : "8",
        "FD_TABLES-TABLE_NAME" : "ACTIVITIES_BL",
        "FD_TABLES-TABLE_TYPE" : "TRANSACTIONAL",
        "FD_TABLES-TABLE_SUB_TYPE" : "NONE"
    },
    {
        "FD_TABLES-TABLE_ID" : "19",
        "FD_TABLES-TABLE_NAME" : "ACTIVITY_ALTH",
        "FD_TABLES-TABLE_TYPE" : "TRANSACTIONAL",
        "FD_TABLES-TABLE_SUB_TYPE" : "NONE"
    },
    {
        "FD_TABLES-TABLE_ID" : "22",
        "FD_TABLES-TABLE_NAME" : "ACTIVITY_BRANCHES",
        "FD_TABLES-TABLE_TYPE" : "TRANSACTIONAL",
        "FD_TABLES-TABLE_SUB_TYPE" : "NONE"
    },
    {
        "FD_TABLES-TABLE_ID" : "25",
        "FD_TABLES-TABLE_NAME" : "ACTIVITY_COSTS",
        "FD_TABLES-TABLE_TYPE" : "TRANSACTIONAL",
        "FD_TABLES-TABLE_SUB_TYPE" : "NONE"
    },
    {
        "FD_TABLES-TABLE_ID" : "29",
        "FD_TABLES-TABLE_NAME" : "ACTIVITY_COSTS_BL",
        "FD_TABLES-TABLE_TYPE" : "TRANSACTIONAL",
        "FD_TABLES-TABLE_SUB_TYPE" : "NONE"
    },
    {
        "FD_TABLES-TABLE_ID" : "38",
        "FD_TABLES-TABLE_NAME" : "ACTIVITY_EXPENSES",
        "FD_TABLES-TABLE_TYPE" : "TRANSACTIONAL",
        "FD_TABLES-TABLE_SUB_TYPE" : "NONE"
    },
    {
        "FD_TABLES-TABLE_ID" : "41",
        "FD_TABLES-TABLE_NAME" : "ACTIVITY_LISTS",
        "FD_TABLES-TABLE_TYPE" : "TRANSACTIONAL",
        "FD_TABLES-TABLE_SUB_TYPE" : "NONE"
    },
    {
        "FD_TABLES-TABLE_ID" : "44",
        "FD_TABLES-TABLE_NAME" : "ACTIVITY_PLACES",
        "FD_TABLES-TABLE_TYPE" : "TRANSACTIONAL",
        "FD_TABLES-TABLE_SUB_TYPE" : "NONE"
    },
    {
        "FD_TABLES-TABLE_ID" : "47",
        "FD_TABLES-TABLE_NAME" : "ACTIVITY_SETTINGS",
        "FD_TABLES-TABLE_TYPE" : "TRANSACTIONAL",
        "FD_TABLES-TABLE_SUB_TYPE" : "NONE"
    },
    {
        "FD_TABLES-TABLE_ID" : "50",
        "FD_TABLES-TABLE_NAME" : "ACTIVITY_SPREADS",
        "FD_TABLES-TABLE_TYPE" : "TRANSACTIONAL",
        "FD_TABLES-TABLE_SUB_TYPE" : "NONE"
    },
    {
        "FD_TABLES-TABLE_ID" : "51",
        "FD_TABLES-TABLE_NAME" : "ACTIVITY_SPREAD_COSTS",
        "FD_TABLES-TABLE_TYPE" : "TRANSACTIONAL",
        "FD_TABLES-TABLE_SUB_TYPE" : "NONE"
    },
    {
        "FD_TABLES-TABLE_ID" : "52",
        "FD_TABLES-TABLE_NAME" : "ACTIVITY_STEPS",
        "FD_TABLES-TABLE_TYPE" : "TRANSACTIONAL",
        "FD_TABLES-TABLE_SUB_TYPE" : "NONE"
    },
    {
        "FD_TABLES-TABLE_ID" : "55",
        "FD_TABLES-TABLE_NAME" : "ACTV_LIST_VALUES",
        "FD_TABLES-TABLE_TYPE" : "TRANSACTIONAL",
        "FD_TABLES-TABLE_SUB_TYPE" : "NONE"
    },
    {
        "FD_TABLES-TABLE_ID" : "58",
        "FD_TABLES-TABLE_NAME" : "ACTV_UNCERTAINTIES",
        "FD_TABLES-TABLE_TYPE" : "TRANSACTIONAL",
        "FD_TABLES-TABLE_SUB_TYPE" : "NONE"
    },
    {
        "FD_TABLES-TABLE_ID" : "61",
        "FD_TABLES-TABLE_NAME" : "APPL_PROFILES",
        "FD_TABLES-TABLE_TYPE" : "TRANSACTIONAL",
        "FD_TABLES-TABLE_SUB_TYPE" : "NONE"
    },
    {
        "FD_TABLES-TABLE_ID" : "64",
        "FD_TABLES-TABLE_NAME" : "APPL_PROFILE_PRIVS",
        "FD_TABLES-TABLE_TYPE" : "TRANSACTIONAL",
        "FD_TABLES-TABLE_SUB_TYPE" : "NONE"
    },
    {
        "FD_TABLES-TABLE_ID" : "67",
        "FD_TABLES-TABLE_NAME" : "APPL_ROLES",
        "FD_TABLES-TABLE_TYPE" : "TRANSACTIONAL",
        "FD_TABLES-TABLE_SUB_TYPE" : "NONE"
    },
    {
        "FD_TABLES-TABLE_ID" : "70",
        "FD_TABLES-TABLE_NAME" : "APPL_ROLE_MEMBERS",
        "FD_TABLES-TABLE_TYPE" : "TRANSACTIONAL",
        "FD_TABLES-TABLE_SUB_TYPE" : "NONE"
    },
    {
        "FD_TABLES-TABLE_ID" : "73",
        "FD_TABLES-TABLE_NAME" : "APPL_ROLE_PRIVS",
        "FD_TABLES-TABLE_TYPE" : "TRANSACTIONAL",
        "FD_TABLES-TABLE_SUB_TYPE" : "NONE"
    },
    {
        "FD_TABLES-TABLE_ID" : "76",
        "FD_TABLES-TABLE_NAME" : "APPL_SETTINGS",
        "FD_TABLES-TABLE_TYPE" : "TRANSACTIONAL",
        "FD_TABLES-TABLE_SUB_TYPE" : "NONE"
    },
    {
        "FD_TABLES-TABLE_ID" : "79",
        "FD_TABLES-TABLE_NAME" : "APPL_USERS",
        "FD_TABLES-TABLE_TYPE" : "TRANSACTIONAL",
        "FD_TABLES-TABLE_SUB_TYPE" : "NONE"
    },
    {
        "FD_TABLES-TABLE_ID" : "82",
        "FD_TABLES-TABLE_NAME" : "APPL_USER_ROLE_MEMBERS",
        "FD_TABLES-TABLE_TYPE" : "TRANSACTIONAL",
        "FD_TABLES-TABLE_SUB_TYPE" : "NONE"
    },
    {
        "FD_TABLES-TABLE_ID" : "85",
        "FD_TABLES-TABLE_NAME" : "ASSIGNMENTS",
        "FD_TABLES-TABLE_TYPE" : "TRANSACTIONAL",
        "FD_TABLES-TABLE_SUB_TYPE" : "NONE"
    },
    {
        "FD_TABLES-TABLE_ID" : "86",
        "FD_TABLES-TABLE_NAME" : "ASSIGNMENTS_BL",
        "FD_TABLES-TABLE_TYPE" : "TRANSACTIONAL",
        "FD_TABLES-TABLE_SUB_TYPE" : "NONE"
    },
    {
        "FD_TABLES-TABLE_ID" : "89",
        "FD_TABLES-TABLE_NAME" : "ASSIGNMENT_COSTS",
        "FD_TABLES-TABLE_TYPE" : "TRANSACTIONAL",
        "FD_TABLES-TABLE_SUB_TYPE" : "NONE"
    },
    {
        "FD_TABLES-TABLE_ID" : "90",
        "FD_TABLES-TABLE_NAME" : "ASSIGNMENT_COSTS_BL",
        "FD_TABLES-TABLE_TYPE" : "TRANSACTIONAL",
        "FD_TABLES-TABLE_SUB_TYPE" : "NONE"
    },
    {
        "FD_TABLES-TABLE_ID" : "93",
        "FD_TABLES-TABLE_NAME" : "ASSIGNMENT_SPREADS",
        "FD_TABLES-TABLE_TYPE" : "TRANSACTIONAL",
        "FD_TABLES-TABLE_SUB_TYPE" : "NONE"
    },
    {
        "FD_TABLES-TABLE_ID" : "94",
        "FD_TABLES-TABLE_NAME" : "ASSIGNMENT_SPREAD_COSTS",
        "FD_TABLES-TABLE_TYPE" : "TRANSACTIONAL",
        "FD_TABLES-TABLE_SUB_TYPE" : "NONE"
    },
    {
        "FD_TABLES-TABLE_ID" : "95",
        "FD_TABLES-TABLE_NAME" : "ASSIGN_UNCERTAINTIES",
        "FD_TABLES-TABLE_TYPE" : "TRANSACTIONAL",
        "FD_TABLES-TABLE_SUB_TYPE" : "NONE"
    },
    {
        "FD_TABLES-TABLE_ID" : "98",
        "FD_TABLES-TABLE_NAME" : "BUSINESS_UNITS",
        "FD_TABLES-TABLE_TYPE" : "TRANSACTIONAL",
        "FD_TABLES-TABLE_SUB_TYPE" : "NONE"
    },
    {
        "FD_TABLES-TABLE_ID" : "103",
        "FD_TABLES-TABLE_NAME" : "CALENDARS",
        "FD_TABLES-TABLE_TYPE" : "TRANSACTIONAL",
        "FD_TABLES-TABLE_SUB_TYPE" : "NONE"
    },
    {
        "FD_TABLES-TABLE_ID" : "106",
        "FD_TABLES-TABLE_NAME" : "CALENDAR_EXCEPTIONS",
        "FD_TABLES-TABLE_TYPE" : "TRANSACTIONAL",
        "FD_TABLES-TABLE_SUB_TYPE" : "NONE"
    },
    {
        "FD_TABLES-TABLE_ID" : "109",
        "FD_TABLES-TABLE_NAME" : "CALENDAR_HOLIDAYS",
        "FD_TABLES-TABLE_TYPE" : "TRANSACTIONAL",
        "FD_TABLES-TABLE_SUB_TYPE" : "NONE"
    },
    {
        "FD_TABLES-TABLE_ID" : "112",
        "FD_TABLES-TABLE_NAME" : "CALENDAR_HOL_EXCEPTIONS",
        "FD_TABLES-TABLE_TYPE" : "TRANSACTIONAL",
        "FD_TABLES-TABLE_SUB_TYPE" : "NONE"
    },
    {
        "FD_TABLES-TABLE_ID" : "115",
        "FD_TABLES-TABLE_NAME" : "CALENDAR_WORKWEEKS",
        "FD_TABLES-TABLE_TYPE" : "TRANSACTIONAL",
        "FD_TABLES-TABLE_SUB_TYPE" : "NONE"
    },
    {
        "FD_TABLES-TABLE_ID" : "118",
        "FD_TABLES-TABLE_NAME" : "CHANGE_MGMT",
        "FD_TABLES-TABLE_TYPE" : "TRANSACTIONAL",
        "FD_TABLES-TABLE_SUB_TYPE" : "NONE"
    },
    {
        "FD_TABLES-TABLE_ID" : "127",
        "FD_TABLES-TABLE_NAME" : "CHANGE_ORDERS",
        "FD_TABLES-TABLE_TYPE" : "TRANSACTIONAL",
        "FD_TABLES-TABLE_SUB_TYPE" : "NONE"
    },
    {
        "FD_TABLES-TABLE_ID" : "136",
        "FD_TABLES-TABLE_NAME" : "CHANGE_ORDER_ITEMS",
        "FD_TABLES-TABLE_TYPE" : "TRANSACTIONAL",
        "FD_TABLES-TABLE_SUB_TYPE" : "NONE"
    },
    {
        "FD_TABLES-TABLE_ID" : "145",
        "FD_TABLES-TABLE_NAME" : "CLOB_REFERENCES",
        "FD_TABLES-TABLE_TYPE" : "TRANSACTIONAL",
        "FD_TABLES-TABLE_SUB_TYPE" : "NONE"
    },
    {
        "FD_TABLES-TABLE_ID" : "147",
        "FD_TABLES-TABLE_NAME" : "CM_COMMITMENTS",
        "FD_TABLES-TABLE_TYPE" : "TRANSACTIONAL",
        "FD_TABLES-TABLE_SUB_TYPE" : "NONE"
    },
    {
        "FD_TABLES-TABLE_ID" : "156",
        "FD_TABLES-TABLE_NAME" : "CM_PHASE_DETAILS",
        "FD_TABLES-TABLE_TYPE" : "TRANSACTIONAL",
        "FD_TABLES-TABLE_SUB_TYPE" : "NONE"
    },
    {
        "FD_TABLES-TABLE_ID" : "159",
        "FD_TABLES-TABLE_NAME" : "CM_WORKFLOWS",
        "FD_TABLES-TABLE_TYPE" : "TRANSACTIONAL",
        "FD_TABLES-TABLE_SUB_TYPE" : "NONE"
    },
    {
        "FD_TABLES-TABLE_ID" : "162",
        "FD_TABLES-TABLE_NAME" : "CM_WORKFLOW_ITEMS",
        "FD_TABLES-TABLE_TYPE" : "TRANSACTIONAL",
        "FD_TABLES-TABLE_SUB_TYPE" : "NONE"
    },
    {
        "FD_TABLES-TABLE_ID" : "165",
        "FD_TABLES-TABLE_NAME" : "COMPANIES",
        "FD_TABLES-TABLE_TYPE" : "TRANSACTIONAL",
        "FD_TABLES-TABLE_SUB_TYPE" : "NONE"
    },
    {
        "FD_TABLES-TABLE_ID" : "174",
        "FD_TABLES-TABLE_NAME" : "COMPANIES_S",
        "FD_TABLES-TABLE_TYPE" : "TRANSACTIONAL",
        "FD_TABLES-TABLE_SUB_TYPE" : "NONE"
    },
    {
        "FD_TABLES-TABLE_ID" : "177",
        "FD_TABLES-TABLE_NAME" : "COMPANY_ASSGN_TYPES",
        "FD_TABLES-TABLE_TYPE" : "TRANSACTIONAL",
        "FD_TABLES-TABLE_SUB_TYPE" : "NONE"
    },
    {
        "FD_TABLES-TABLE_ID" : "178",
        "FD_TABLES-TABLE_NAME" : "COMPANY_CERTS",
        "FD_TABLES-TABLE_TYPE" : "TRANSACTIONAL",
        "FD_TABLES-TABLE_SUB_TYPE" : "NONE"
    },
    {
        "FD_TABLES-TABLE_ID" : "181",
        "FD_TABLES-TABLE_NAME" : "COMPANY_CONTACTS",
        "FD_TABLES-TABLE_TYPE" : "TRANSACTIONAL",
        "FD_TABLES-TABLE_SUB_TYPE" : "NONE"
    },
    {
        "FD_TABLES-TABLE_ID" : "184",
        "FD_TABLES-TABLE_NAME" : "COMPANY_PLACES",
        "FD_TABLES-TABLE_TYPE" : "TRANSACTIONAL",
        "FD_TABLES-TABLE_SUB_TYPE" : "NONE"
    },
    {
        "FD_TABLES-TABLE_ID" : "187",
        "FD_TABLES-TABLE_NAME" : "COMPANY_TYPES",
        "FD_TABLES-TABLE_TYPE" : "TRANSACTIONAL",
        "FD_TABLES-TABLE_SUB_TYPE" : "NONE"
    },
    {
        "FD_TABLES-TABLE_ID" : "190",
        "FD_TABLES-TABLE_NAME" : "CONTEXT_PROJECTS",
        "FD_TABLES-TABLE_TYPE" : "TRANSACTIONAL",
        "FD_TABLES-TABLE_SUB_TYPE" : "NONE"
    },
    {
        "FD_TABLES-TABLE_ID" : "193",
        "FD_TABLES-TABLE_NAME" : "CONTEXT_SETS",
        "FD_TABLES-TABLE_TYPE" : "TRANSACTIONAL",
        "FD_TABLES-TABLE_SUB_TYPE" : "NONE"
    },
    {
        "FD_TABLES-TABLE_ID" : "196",
        "FD_TABLES-TABLE_NAME" : "CONTEXT_SET_ACCESS",
        "FD_TABLES-TABLE_TYPE" : "TRANSACTIONAL",
        "FD_TABLES-TABLE_SUB_TYPE" : "NONE"
    },
    {
        "FD_TABLES-TABLE_ID" : "480",
        "FD_TABLES-TABLE_NAME" : "HIERARCHIES",
        "FD_TABLES-TABLE_TYPE" : "TRANSACTIONAL",
        "FD_TABLES-TABLE_SUB_TYPE" : "NONE"
    },
    {
        "FD_TABLES-TABLE_ID" : "485",
        "FD_TABLES-TABLE_NAME" : "INTERVALS",
        "FD_TABLES-TABLE_TYPE" : "TRANSACTIONAL",
        "FD_TABLES-TABLE_SUB_TYPE" : "NONE"
    },
    {
        "FD_TABLES-TABLE_ID" : "488",
        "FD_TABLES-TABLE_NAME" : "INTERVAL_ACTIVITIES",
        "FD_TABLES-TABLE_TYPE" : "TRANSACTIONAL",
        "FD_TABLES-TABLE_SUB_TYPE" : "NONE"
    },
    {
        "FD_TABLES-TABLE_ID" : "491",
        "FD_TABLES-TABLE_NAME" : "INTERVAL_RELEASES",
        "FD_TABLES-TABLE_TYPE" : "TRANSACTIONAL",
        "FD_TABLES-TABLE_SUB_TYPE" : "NONE"
    },
    {
        "FD_TABLES-TABLE_ID" : "494",
        "FD_TABLES-TABLE_NAME" : "INTERVAL_TEAMS",
        "FD_TABLES-TABLE_TYPE" : "TRANSACTIONAL",
        "FD_TABLES-TABLE_SUB_TYPE" : "NONE"
    },
    {
        "FD_TABLES-TABLE_ID" : "497",
        "FD_TABLES-TABLE_NAME" : "INVOICES",
        "FD_TABLES-TABLE_TYPE" : "TRANSACTIONAL",
        "FD_TABLES-TABLE_SUB_TYPE" : "NONE"
    },
    {
        "FD_TABLES-TABLE_ID" : "506",
        "FD_TABLES-TABLE_NAME" : "ISSUES",
        "FD_TABLES-TABLE_TYPE" : "TRANSACTIONAL",
        "FD_TABLES-TABLE_SUB_TYPE" : "NONE"
    },
    {
        "FD_TABLES-TABLE_ID" : "511",
        "FD_TABLES-TABLE_NAME" : "ISSUE_ALTH",
        "FD_TABLES-TABLE_TYPE" : "TRANSACTIONAL",
        "FD_TABLES-TABLE_SUB_TYPE" : "NONE"
    },
    {
        "FD_TABLES-TABLE_ID" : "514",
        "FD_TABLES-TABLE_NAME" : "ITEMS",
        "FD_TABLES-TABLE_TYPE" : "TRANSACTIONAL",
        "FD_TABLES-TABLE_SUB_TYPE" : "NONE"
    },
    {
        "FD_TABLES-TABLE_ID" : "534",
        "FD_TABLES-TABLE_NAME" : "ITEM_ALTH",
        "FD_TABLES-TABLE_TYPE" : "TRANSACTIONAL",
        "FD_TABLES-TABLE_SUB_TYPE" : "NONE"
    },
    {
        "FD_TABLES-TABLE_ID" : "537",
        "FD_TABLES-TABLE_NAME" : "ITEM_BUDGET_SPREADS",
        "FD_TABLES-TABLE_TYPE" : "TRANSACTIONAL",
        "FD_TABLES-TABLE_SUB_TYPE" : "NONE"
    },
    {
        "FD_TABLES-TABLE_ID" : "543",
        "FD_TABLES-TABLE_NAME" : "ITEM_COMMENTS",
        "FD_TABLES-TABLE_TYPE" : "TRANSACTIONAL",
        "FD_TABLES-TABLE_SUB_TYPE" : "NONE"
    },
    {
        "FD_TABLES-TABLE_ID" : "804",
        "FD_TABLES-TABLE_NAME" : "PUNCH_LIST_ITEMS",
        "FD_TABLES-TABLE_TYPE" : "TRANSACTIONAL",
        "FD_TABLES-TABLE_SUB_TYPE" : "NONE"
    },
    {
        "FD_TABLES-TABLE_ID" : "813",
        "FD_TABLES-TABLE_NAME" : "REFDOC",
        "FD_TABLES-TABLE_TYPE" : "TRANSACTIONAL",
        "FD_TABLES-TABLE_SUB_TYPE" : "NONE"
    },
    {
        "FD_TABLES-TABLE_ID" : "814",
        "FD_TABLES-TABLE_NAME" : "REFDOC_ACTIVITIES",
        "FD_TABLES-TABLE_TYPE" : "TRANSACTIONAL",
        "FD_TABLES-TABLE_SUB_TYPE" : "NONE"
    },
    {
        "FD_TABLES-TABLE_ID" : "817",
        "FD_TABLES-TABLE_NAME" : "REFDOC_DISTRIBUTIONS",
        "FD_TABLES-TABLE_TYPE" : "TRANSACTIONAL",
        "FD_TABLES-TABLE_SUB_TYPE" : "NONE"
    },
    {
        "FD_TABLES-TABLE_ID" : "821",
        "FD_TABLES-TABLE_NAME" : "REFDOC_ISSUES",
        "FD_TABLES-TABLE_TYPE" : "TRANSACTIONAL",
        "FD_TABLES-TABLE_SUB_TYPE" : "NONE"
    },
    {
        "FD_TABLES-TABLE_ID" : "825",
        "FD_TABLES-TABLE_NAME" : "RELATIONSHIPS",
        "FD_TABLES-TABLE_TYPE" : "TRANSACTIONAL",
        "FD_TABLES-TABLE_SUB_TYPE" : "NONE"
    },
    {
        "FD_TABLES-TABLE_ID" : "826",
        "FD_TABLES-TABLE_NAME" : "RELATIONSHIPS_BL",
        "FD_TABLES-TABLE_TYPE" : "TRANSACTIONAL",
        "FD_TABLES-TABLE_SUB_TYPE" : "NONE"
    },
    {
        "FD_TABLES-TABLE_ID" : "829",
        "FD_TABLES-TABLE_NAME" : "RELEASES",
        "FD_TABLES-TABLE_TYPE" : "TRANSACTIONAL",
        "FD_TABLES-TABLE_SUB_TYPE" : "NONE"
    },
    {
        "FD_TABLES-TABLE_ID" : "832",
        "FD_TABLES-TABLE_NAME" : "RELEASE_PROJECTS",
        "FD_TABLES-TABLE_TYPE" : "TRANSACTIONAL",
        "FD_TABLES-TABLE_SUB_TYPE" : "NONE"
    },
    {
        "FD_TABLES-TABLE_ID" : "835",
        "FD_TABLES-TABLE_NAME" : "REQUESTS",
        "FD_TABLES-TABLE_TYPE" : "TRANSACTIONAL",
        "FD_TABLES-TABLE_SUB_TYPE" : "NONE"
    },
    {
        "FD_TABLES-TABLE_ID" : "844",
        "FD_TABLES-TABLE_NAME" : "REQUIRED_ACTIONS",
        "FD_TABLES-TABLE_TYPE" : "TRANSACTIONAL",
        "FD_TABLES-TABLE_SUB_TYPE" : "NONE"
    },
    {
        "FD_TABLES-TABLE_ID" : "847",
        "FD_TABLES-TABLE_NAME" : "REQUISITIONS",
        "FD_TABLES-TABLE_TYPE" : "TRANSACTIONAL",
        "FD_TABLES-TABLE_SUB_TYPE" : "NONE"
    },
    {
        "FD_TABLES-TABLE_ID" : "856",
        "FD_TABLES-TABLE_NAME" : "REQUISITION_CHANGES",
        "FD_TABLES-TABLE_TYPE" : "TRANSACTIONAL",
        "FD_TABLES-TABLE_SUB_TYPE" : "NONE"
    },
    {
        "FD_TABLES-TABLE_ID" : "859",
        "FD_TABLES-TABLE_NAME" : "REQUISITION_ITEMS",
        "FD_TABLES-TABLE_TYPE" : "TRANSACTIONAL",
        "FD_TABLES-TABLE_SUB_TYPE" : "NONE"
    },
    {
        "FD_TABLES-TABLE_ID" : "546",
        "FD_TABLES-TABLE_NAME" : "ITEM_COSTS",
        "FD_TABLES-TABLE_TYPE" : "TRANSACTIONAL",
        "FD_TABLES-TABLE_SUB_TYPE" : "NONE"
    },
    {
        "FD_TABLES-TABLE_ID" : "558",
        "FD_TABLES-TABLE_NAME" : "ITEM_COST_BREAKDOWNS",
        "FD_TABLES-TABLE_TYPE" : "TRANSACTIONAL",
        "FD_TABLES-TABLE_SUB_TYPE" : "NONE"
    },
    {
        "FD_TABLES-TABLE_ID" : "561",
        "FD_TABLES-TABLE_NAME" : "ITEM_COST_SPREADS",
        "FD_TABLES-TABLE_TYPE" : "TRANSACTIONAL",
        "FD_TABLES-TABLE_SUB_TYPE" : "NONE"
    },
    {
        "FD_TABLES-TABLE_ID" : "567",
        "FD_TABLES-TABLE_NAME" : "ITEM_FUNDING_BREAKDOWNS",
        "FD_TABLES-TABLE_TYPE" : "TRANSACTIONAL",
        "FD_TABLES-TABLE_SUB_TYPE" : "NONE"
    },
    {
        "FD_TABLES-TABLE_ID" : "570",
        "FD_TABLES-TABLE_NAME" : "ITEM_PHASES",
        "FD_TABLES-TABLE_TYPE" : "TRANSACTIONAL",
        "FD_TABLES-TABLE_SUB_TYPE" : "NONE"
    },
    {
        "FD_TABLES-TABLE_ID" : "573",
        "FD_TABLES-TABLE_NAME" : "ITEM_RELATIONSHIPS",
        "FD_TABLES-TABLE_TYPE" : "TRANSACTIONAL",
        "FD_TABLES-TABLE_SUB_TYPE" : "NONE"
    },
    {
        "FD_TABLES-TABLE_ID" : "576",
        "FD_TABLES-TABLE_NAME" : "ITEM_ROLE_COST_SPREADS",
        "FD_TABLES-TABLE_TYPE" : "TRANSACTIONAL",
        "FD_TABLES-TABLE_SUB_TYPE" : "NONE"
    },
    {
        "FD_TABLES-TABLE_ID" : "579",
        "FD_TABLES-TABLE_NAME" : "ITEM_ROLE_SPREADS",
        "FD_TABLES-TABLE_TYPE" : "TRANSACTIONAL",
        "FD_TABLES-TABLE_SUB_TYPE" : "NONE"
    },
    {
        "FD_TABLES-TABLE_ID" : "582",
        "FD_TABLES-TABLE_NAME" : "ITEM_TEXTS",
        "FD_TABLES-TABLE_TYPE" : "TRANSACTIONAL",
        "FD_TABLES-TABLE_SUB_TYPE" : "NONE"
    },
    {
        "FD_TABLES-TABLE_ID" : "585",
        "FD_TABLES-TABLE_NAME" : "JOBS",
        "FD_TABLES-TABLE_TYPE" : "TRANSACTIONAL",
        "FD_TABLES-TABLE_SUB_TYPE" : "NONE"
    },
    {
        "FD_TABLES-TABLE_ID" : "588",
        "FD_TABLES-TABLE_NAME" : "JOB_PROCESSES",
        "FD_TABLES-TABLE_TYPE" : "TRANSACTIONAL",
        "FD_TABLES-TABLE_SUB_TYPE" : "NONE"
    },
    {
        "FD_TABLES-TABLE_ID" : "593",
        "FD_TABLES-TABLE_NAME" : "JOB_PROCESS_LOGS",
        "FD_TABLES-TABLE_TYPE" : "TRANSACTIONAL",
        "FD_TABLES-TABLE_SUB_TYPE" : "NONE"
    },
    {
        "FD_TABLES-TABLE_ID" : "594",
        "FD_TABLES-TABLE_NAME" : "JOB_SETTINGS",
        "FD_TABLES-TABLE_TYPE" : "TRANSACTIONAL",
        "FD_TABLES-TABLE_SUB_TYPE" : "NONE"
    },
    {
        "FD_TABLES-TABLE_ID" : "595",
        "FD_TABLES-TABLE_NAME" : "LANGUAGES",
        "FD_TABLES-TABLE_TYPE" : "TRANSACTIONAL",
        "FD_TABLES-TABLE_SUB_TYPE" : "NONE"
    },
    {
        "FD_TABLES-TABLE_ID" : "598",
        "FD_TABLES-TABLE_NAME" : "LOG$",
        "FD_TABLES-TABLE_TYPE" : "TRANSACTIONAL",
        "FD_TABLES-TABLE_SUB_TYPE" : "NONE"
    },
    {
        "FD_TABLES-TABLE_ID" : "599",
        "FD_TABLES-TABLE_NAME" : "LOG$_PKG",
        "FD_TABLES-TABLE_TYPE" : "TRANSACTIONAL",
        "FD_TABLES-TABLE_SUB_TYPE" : "NONE"
    },
    {
        "FD_TABLES-TABLE_ID" : "600",
        "FD_TABLES-TABLE_NAME" : "MASTER_AGREEMENTS",
        "FD_TABLES-TABLE_TYPE" : "TRANSACTIONAL",
        "FD_TABLES-TABLE_SUB_TYPE" : "NONE"
    },
    {
        "FD_TABLES-TABLE_ID" : "609",
        "FD_TABLES-TABLE_NAME" : "MASTER_ITEMS",
        "FD_TABLES-TABLE_TYPE" : "TRANSACTIONAL",
        "FD_TABLES-TABLE_SUB_TYPE" : "NONE"
    },
    {
        "FD_TABLES-TABLE_ID" : "618",
        "FD_TABLES-TABLE_NAME" : "MATERIALS",
        "FD_TABLES-TABLE_TYPE" : "TRANSACTIONAL",
        "FD_TABLES-TABLE_SUB_TYPE" : "NONE"
    },
    {
        "FD_TABLES-TABLE_ID" : "627",
        "FD_TABLES-TABLE_NAME" : "MATERIAL_COST",
        "FD_TABLES-TABLE_TYPE" : "TRANSACTIONAL",
        "FD_TABLES-TABLE_SUB_TYPE" : "NONE"
    },
    {
        "FD_TABLES-TABLE_ID" : "630",
        "FD_TABLES-TABLE_NAME" : "MATERIAL_ITEMS",
        "FD_TABLES-TABLE_TYPE" : "TRANSACTIONAL",
        "FD_TABLES-TABLE_SUB_TYPE" : "NONE"
    },
    {
        "FD_TABLES-TABLE_ID" : "639",
        "FD_TABLES-TABLE_NAME" : "MEETINGS",
        "FD_TABLES-TABLE_TYPE" : "TRANSACTIONAL",
        "FD_TABLES-TABLE_SUB_TYPE" : "NONE"
    },
    {
        "FD_TABLES-TABLE_ID" : "648",
        "FD_TABLES-TABLE_NAME" : "MEETING_ATTENDEES",
        "FD_TABLES-TABLE_TYPE" : "TRANSACTIONAL",
        "FD_TABLES-TABLE_SUB_TYPE" : "NONE"
    },
    {
        "FD_TABLES-TABLE_ID" : "657",
        "FD_TABLES-TABLE_NAME" : "MEETING_ITEMS",
        "FD_TABLES-TABLE_TYPE" : "TRANSACTIONAL",
        "FD_TABLES-TABLE_SUB_TYPE" : "NONE"
    },
    {
        "FD_TABLES-TABLE_ID" : "666",
        "FD_TABLES-TABLE_NAME" : "NAVICOMMANDS",
        "FD_TABLES-TABLE_TYPE" : "TRANSACTIONAL",
        "FD_TABLES-TABLE_SUB_TYPE" : "NONE"
    },
    {
        "FD_TABLES-TABLE_ID" : "669",
        "FD_TABLES-TABLE_NAME" : "NON_COMPLIANCE",
        "FD_TABLES-TABLE_TYPE" : "TRANSACTIONAL",
        "FD_TABLES-TABLE_SUB_TYPE" : "NONE"
    },
    {
        "FD_TABLES-TABLE_ID" : "678",
        "FD_TABLES-TABLE_NAME" : "NOTICES",
        "FD_TABLES-TABLE_TYPE" : "TRANSACTIONAL",
        "FD_TABLES-TABLE_SUB_TYPE" : "NONE"
    },
    {
        "FD_TABLES-TABLE_ID" : "687",
        "FD_TABLES-TABLE_NAME" : "NOTIFICATIONS",
        "FD_TABLES-TABLE_TYPE" : "TRANSACTIONAL",
        "FD_TABLES-TABLE_SUB_TYPE" : "NONE"
    },
    {
        "FD_TABLES-TABLE_ID" : "690",
        "FD_TABLES-TABLE_NAME" : "OVERLAYS",
        "FD_TABLES-TABLE_TYPE" : "TRANSACTIONAL",
        "FD_TABLES-TABLE_SUB_TYPE" : "NONE"
    },
    {
        "FD_TABLES-TABLE_ID" : "692",
        "FD_TABLES-TABLE_NAME" : "PLAN_PHASES",
        "FD_TABLES-TABLE_TYPE" : "TRANSACTIONAL",
        "FD_TABLES-TABLE_SUB_TYPE" : "NONE"
    },
    {
        "FD_TABLES-TABLE_ID" : "695",
        "FD_TABLES-TABLE_NAME" : "PLAN_TEXTS",
        "FD_TABLES-TABLE_TYPE" : "TRANSACTIONAL",
        "FD_TABLES-TABLE_SUB_TYPE" : "NONE"
    },
    {
        "FD_TABLES-TABLE_ID" : "698",
        "FD_TABLES-TABLE_NAME" : "PLSQL_PROFILER_DATA",
        "FD_TABLES-TABLE_TYPE" : "TRANSACTIONAL",
        "FD_TABLES-TABLE_SUB_TYPE" : "NONE"
    },
    {
        "FD_TABLES-TABLE_ID" : "699",
        "FD_TABLES-TABLE_NAME" : "PLSQL_PROFILER_RUNS",
        "FD_TABLES-TABLE_TYPE" : "TRANSACTIONAL",
        "FD_TABLES-TABLE_SUB_TYPE" : "NONE"
    },
    {
        "FD_TABLES-TABLE_ID" : "702",
        "FD_TABLES-TABLE_NAME" : "PLSQL_PROFILER_UNITS",
        "FD_TABLES-TABLE_TYPE" : "TRANSACTIONAL",
        "FD_TABLES-TABLE_SUB_TYPE" : "NONE"
    },
    {
        "FD_TABLES-TABLE_ID" : "703",
        "FD_TABLES-TABLE_NAME" : "PORTFOLIOS",
        "FD_TABLES-TABLE_TYPE" : "TRANSACTIONAL",
        "FD_TABLES-TABLE_SUB_TYPE" : "NONE"
    },
    {
        "FD_TABLES-TABLE_ID" : "706",
        "FD_TABLES-TABLE_NAME" : "PORTFOLIO_ALTH",
        "FD_TABLES-TABLE_TYPE" : "TRANSACTIONAL",
        "FD_TABLES-TABLE_SUB_TYPE" : "NONE"
    },
    {
        "FD_TABLES-TABLE_ID" : "709",
        "FD_TABLES-TABLE_NAME" : "PORTFOLIO_ITEMS",
        "FD_TABLES-TABLE_TYPE" : "TRANSACTIONAL",
        "FD_TABLES-TABLE_SUB_TYPE" : "NONE"
    },
    {
        "FD_TABLES-TABLE_ID" : "712",
        "FD_TABLES-TABLE_NAME" : "PORTFOLIO_MEMBERS",
        "FD_TABLES-TABLE_TYPE" : "TRANSACTIONAL",
        "FD_TABLES-TABLE_SUB_TYPE" : "NONE"
    },
    {
        "FD_TABLES-TABLE_ID" : "715",
        "FD_TABLES-TABLE_NAME" : "PORTFOLIO_PROJECTS",
        "FD_TABLES-TABLE_TYPE" : "TRANSACTIONAL",
        "FD_TABLES-TABLE_SUB_TYPE" : "NONE"
    },
    {
        "FD_TABLES-TABLE_ID" : "718",
        "FD_TABLES-TABLE_NAME" : "PRF_SYSTEM_STATS",
        "FD_TABLES-TABLE_TYPE" : "TRANSACTIONAL",
        "FD_TABLES-TABLE_SUB_TYPE" : "NONE"
    },
    {
        "FD_TABLES-TABLE_ID" : "721",
        "FD_TABLES-TABLE_NAME" : "PROCESSES",
        "FD_TABLES-TABLE_TYPE" : "TRANSACTIONAL",
        "FD_TABLES-TABLE_SUB_TYPE" : "NONE"
    },
    {
        "FD_TABLES-TABLE_ID" : "722",
        "FD_TABLES-TABLE_NAME" : "PROCESS_REVIEWS",
        "FD_TABLES-TABLE_TYPE" : "TRANSACTIONAL",
        "FD_TABLES-TABLE_SUB_TYPE" : "NONE"
    },
    {
        "FD_TABLES-TABLE_ID" : "723",
        "FD_TABLES-TABLE_NAME" : "PROCESS_VARS",
        "FD_TABLES-TABLE_TYPE" : "TRANSACTIONAL",
        "FD_TABLES-TABLE_SUB_TYPE" : "NONE"
    },
    {
        "FD_TABLES-TABLE_ID" : "724",
        "FD_TABLES-TABLE_NAME" : "PROJECTS",
        "FD_TABLES-TABLE_TYPE" : "TRANSACTIONAL",
        "FD_TABLES-TABLE_SUB_TYPE" : "NONE"
    },
    {
        "FD_TABLES-TABLE_ID" : "735",
        "FD_TABLES-TABLE_NAME" : "PROJECT_ACCOUNTS",
        "FD_TABLES-TABLE_TYPE" : "TRANSACTIONAL",
        "FD_TABLES-TABLE_SUB_TYPE" : "NONE"
    },
    {
        "FD_TABLES-TABLE_ID" : "744",
        "FD_TABLES-TABLE_NAME" : "PROJECT_AGREEMENTS",
        "FD_TABLES-TABLE_TYPE" : "TRANSACTIONAL",
        "FD_TABLES-TABLE_SUB_TYPE" : "NONE"
    },
    {
        "FD_TABLES-TABLE_ID" : "747",
        "FD_TABLES-TABLE_NAME" : "PROJECT_ALTH",
        "FD_TABLES-TABLE_TYPE" : "TRANSACTIONAL",
        "FD_TABLES-TABLE_SUB_TYPE" : "NONE"
    },
    {
        "FD_TABLES-TABLE_ID" : "750",
        "FD_TABLES-TABLE_NAME" : "PROJECT_BASELINES",
        "FD_TABLES-TABLE_TYPE" : "TRANSACTIONAL",
        "FD_TABLES-TABLE_SUB_TYPE" : "NONE"
    },
    {
        "FD_TABLES-TABLE_ID" : "753",
        "FD_TABLES-TABLE_NAME" : "PROJECT_CALENDARS",
        "FD_TABLES-TABLE_TYPE" : "TRANSACTIONAL",
        "FD_TABLES-TABLE_SUB_TYPE" : "NONE"
    },
    {
        "FD_TABLES-TABLE_ID" : "756",
        "FD_TABLES-TABLE_NAME" : "PROJECT_COMPANIES",
        "FD_TABLES-TABLE_TYPE" : "TRANSACTIONAL",
        "FD_TABLES-TABLE_SUB_TYPE" : "NONE"
    },
    {
        "FD_TABLES-TABLE_ID" : "759",
        "FD_TABLES-TABLE_NAME" : "PROJECT_ISSUES",
        "FD_TABLES-TABLE_TYPE" : "TRANSACTIONAL",
        "FD_TABLES-TABLE_SUB_TYPE" : "NONE"
    },
    {
        "FD_TABLES-TABLE_ID" : "762",
        "FD_TABLES-TABLE_NAME" : "PROJECT_ITEMS",
        "FD_TABLES-TABLE_TYPE" : "TRANSACTIONAL",
        "FD_TABLES-TABLE_SUB_TYPE" : "NONE"
    },
    {
        "FD_TABLES-TABLE_ID" : "765",
        "FD_TABLES-TABLE_NAME" : "PROJECT_KEY_PARTIES",
        "FD_TABLES-TABLE_TYPE" : "TRANSACTIONAL",
        "FD_TABLES-TABLE_SUB_TYPE" : "NONE"
    },
    {
        "FD_TABLES-TABLE_ID" : "768",
        "FD_TABLES-TABLE_NAME" : "PROJECT_PLACES",
        "FD_TABLES-TABLE_TYPE" : "TRANSACTIONAL",
        "FD_TABLES-TABLE_SUB_TYPE" : "NONE"
    },
    {
        "FD_TABLES-TABLE_ID" : "771",
        "FD_TABLES-TABLE_NAME" : "PROJECT_RESOURCES",
        "FD_TABLES-TABLE_TYPE" : "TRANSACTIONAL",
        "FD_TABLES-TABLE_SUB_TYPE" : "NONE"
    },
    {
        "FD_TABLES-TABLE_ID" : "774",
        "FD_TABLES-TABLE_NAME" : "PROJECT_SETTINGS",
        "FD_TABLES-TABLE_TYPE" : "TRANSACTIONAL",
        "FD_TABLES-TABLE_SUB_TYPE" : "NONE"
    },
    {
        "FD_TABLES-TABLE_ID" : "777",
        "FD_TABLES-TABLE_NAME" : "PROPOSALS",
        "FD_TABLES-TABLE_TYPE" : "TRANSACTIONAL",
        "FD_TABLES-TABLE_SUB_TYPE" : "NONE"
    },
    {
        "FD_TABLES-TABLE_ID" : "786",
        "FD_TABLES-TABLE_NAME" : "PROPOSAL_ITEMS",
        "FD_TABLES-TABLE_TYPE" : "TRANSACTIONAL",
        "FD_TABLES-TABLE_SUB_TYPE" : "NONE"
    },
    {
        "FD_TABLES-TABLE_ID" : "795",
        "FD_TABLES-TABLE_NAME" : "PUNCH_LISTS",
        "FD_TABLES-TABLE_TYPE" : "TRANSACTIONAL",
        "FD_TABLES-TABLE_SUB_TYPE" : "NONE"
    },
    {
        "FD_TABLES-TABLE_ID" : "318",
        "FD_TABLES-TABLE_NAME" : "DAY_PARTS",
        "FD_TABLES-TABLE_TYPE" : "TRANSACTIONAL",
        "FD_TABLES-TABLE_SUB_TYPE" : "NONE"
    },
    {
        "FD_TABLES-TABLE_ID" : "423",
        "FD_TABLES-TABLE_NAME" : "EZL_GROUPS",
        "FD_TABLES-TABLE_TYPE" : "TRANSACTIONAL",
        "FD_TABLES-TABLE_SUB_TYPE" : "NONE"
    },
    {
        "FD_TABLES-TABLE_ID" : "424",
        "FD_TABLES-TABLE_NAME" : "EZL_PAYLOADS",
        "FD_TABLES-TABLE_TYPE" : "TRANSACTIONAL",
        "FD_TABLES-TABLE_SUB_TYPE" : "NONE"
    },
    {
        "FD_TABLES-TABLE_ID" : "425",
        "FD_TABLES-TABLE_NAME" : "EZL_TRANSACTIONS",
        "FD_TABLES-TABLE_TYPE" : "TRANSACTIONAL",
        "FD_TABLES-TABLE_SUB_TYPE" : "NONE"
    },
    {
        "FD_TABLES-TABLE_ID" : "426",
        "FD_TABLES-TABLE_NAME" : "FD_COLUMNS",
        "FD_TABLES-TABLE_TYPE" : "TRANSACTIONAL",
        "FD_TABLES-TABLE_SUB_TYPE" : "NONE"
    },
    {
        "FD_TABLES-TABLE_ID" : "428",
        "FD_TABLES-TABLE_NAME" : "FD_COLUMNS_NM",
        "FD_TABLES-TABLE_TYPE" : "TRANSACTIONAL",
        "FD_TABLES-TABLE_SUB_TYPE" : "NONE"
    },
    {
        "FD_TABLES-TABLE_ID" : "432",
        "FD_TABLES-TABLE_NAME" : "FD_COLUMN_RULES",
        "FD_TABLES-TABLE_TYPE" : "TRANSACTIONAL",
        "FD_TABLES-TABLE_SUB_TYPE" : "NONE"
    },
    {
        "FD_TABLES-TABLE_ID" : "435",
        "FD_TABLES-TABLE_NAME" : "FD_COL_RULE_PARAMS",
        "FD_TABLES-TABLE_TYPE" : "TRANSACTIONAL",
        "FD_TABLES-TABLE_SUB_TYPE" : "NONE"
    },
    {
        "FD_TABLES-TABLE_ID" : "438",
        "FD_TABLES-TABLE_NAME" : "FD_DERIVED_TABLES",
        "FD_TABLES-TABLE_TYPE" : "TRANSACTIONAL",
        "FD_TABLES-TABLE_SUB_TYPE" : "NONE"
    },
    {
        "FD_TABLES-TABLE_ID" : "441",
        "FD_TABLES-TABLE_NAME" : "FD_DOMAINS",
        "FD_TABLES-TABLE_TYPE" : "TRANSACTIONAL",
        "FD_TABLES-TABLE_SUB_TYPE" : "NONE"
    },
    {
        "FD_TABLES-TABLE_ID" : "444",
        "FD_TABLES-TABLE_NAME" : "FD_LISTS",
        "FD_TABLES-TABLE_TYPE" : "TRANSACTIONAL",
        "FD_TABLES-TABLE_SUB_TYPE" : "NONE"
    },
    {
        "FD_TABLES-TABLE_ID" : "447",
        "FD_TABLES-TABLE_NAME" : "FD_LIST_VALUES",
        "FD_TABLES-TABLE_TYPE" : "TRANSACTIONAL",
        "FD_TABLES-TABLE_SUB_TYPE" : "NONE"
    },
    {
        "FD_TABLES-TABLE_ID" : "449",
        "FD_TABLES-TABLE_NAME" : "FD_LIST_VALUES_NM",
        "FD_TABLES-TABLE_TYPE" : "TRANSACTIONAL",
        "FD_TABLES-TABLE_SUB_TYPE" : "NONE"
    },
    {
        "FD_TABLES-TABLE_ID" : "453",
        "FD_TABLES-TABLE_NAME" : "FD_SUMM_COLUMNS",
        "FD_TABLES-TABLE_TYPE" : "TRANSACTIONAL",
        "FD_TABLES-TABLE_SUB_TYPE" : "NONE"
    },
    {
        "FD_TABLES-TABLE_ID" : "456",
        "FD_TABLES-TABLE_NAME" : "FD_TABLES",
        "FD_TABLES-TABLE_TYPE" : "TRANSACTIONAL",
        "FD_TABLES-TABLE_SUB_TYPE" : "NONE"
    },
    {
        "FD_TABLES-TABLE_ID" : "458",
        "FD_TABLES-TABLE_NAME" : "FD_TABLES_NM",
        "FD_TABLES-TABLE_TYPE" : "TRANSACTIONAL",
        "FD_TABLES-TABLE_SUB_TYPE" : "NONE"
    },
    {
        "FD_TABLES-TABLE_ID" : "462",
        "FD_TABLES-TABLE_NAME" : "FD_TABLE_SETTINGS",
        "FD_TABLES-TABLE_TYPE" : "TRANSACTIONAL",
        "FD_TABLES-TABLE_SUB_TYPE" : "NONE"
    },
    {
        "FD_TABLES-TABLE_ID" : "465",
        "FD_TABLES-TABLE_NAME" : "FUNDING_SOURCES",
        "FD_TABLES-TABLE_TYPE" : "TRANSACTIONAL",
        "FD_TABLES-TABLE_SUB_TYPE" : "NONE"
    },
    {
        "FD_TABLES-TABLE_ID" : "470",
        "FD_TABLES-TABLE_NAME" : "GEO_LOCATIONS",
        "FD_TABLES-TABLE_TYPE" : "TRANSACTIONAL",
        "FD_TABLES-TABLE_SUB_TYPE" : "NONE"
    },
    {
        "FD_TABLES-TABLE_ID" : "473",
        "FD_TABLES-TABLE_NAME" : "GRAPHS",
        "FD_TABLES-TABLE_TYPE" : "TRANSACTIONAL",
        "FD_TABLES-TABLE_SUB_TYPE" : "NONE"
    },
    {
        "FD_TABLES-TABLE_ID" : "474",
        "FD_TABLES-TABLE_NAME" : "GRAPHS_ACCESS",
        "FD_TABLES-TABLE_TYPE" : "TRANSACTIONAL",
        "FD_TABLES-TABLE_SUB_TYPE" : "NONE"
    },
    {
        "FD_TABLES-TABLE_ID" : "479",
        "FD_TABLES-TABLE_NAME" : "GTMP_WRK_HIER",
        "FD_TABLES-TABLE_TYPE" : "TRANSACTIONAL",
        "FD_TABLES-TABLE_SUB_TYPE" : "NONE"
    },
    {
        "FD_TABLES-TABLE_ID" : "868",
        "FD_TABLES-TABLE_NAME" : "RESOURCES",
        "FD_TABLES-TABLE_TYPE" : "TRANSACTIONAL",
        "FD_TABLES-TABLE_SUB_TYPE" : "NONE"
    },
    {
        "FD_TABLES-TABLE_ID" : "873",
        "FD_TABLES-TABLE_NAME" : "RESOURCE_PLACES",
        "FD_TABLES-TABLE_TYPE" : "TRANSACTIONAL",
        "FD_TABLES-TABLE_SUB_TYPE" : "NONE"
    },
    {
        "FD_TABLES-TABLE_ID" : "876",
        "FD_TABLES-TABLE_NAME" : "RESOURCE_RATES",
        "FD_TABLES-TABLE_TYPE" : "TRANSACTIONAL",
        "FD_TABLES-TABLE_SUB_TYPE" : "NONE"
    },
    {
        "FD_TABLES-TABLE_ID" : "879",
        "FD_TABLES-TABLE_NAME" : "RESOURCE_ROLES",
        "FD_TABLES-TABLE_TYPE" : "TRANSACTIONAL",
        "FD_TABLES-TABLE_SUB_TYPE" : "NONE"
    },
    {
        "FD_TABLES-TABLE_ID" : "882",
        "FD_TABLES-TABLE_NAME" : "RESOURCE_TEAMS",
        "FD_TABLES-TABLE_TYPE" : "TRANSACTIONAL",
        "FD_TABLES-TABLE_SUB_TYPE" : "NONE"
    },
    {
        "FD_TABLES-TABLE_ID" : "887",
        "FD_TABLES-TABLE_NAME" : "RESOURCE_TEAM_MEMBERS",
        "FD_TABLES-TABLE_TYPE" : "TRANSACTIONAL",
        "FD_TABLES-TABLE_SUB_TYPE" : "NONE"
    },
    {
        "FD_TABLES-TABLE_ID" : "890",
        "FD_TABLES-TABLE_NAME" : "RISKS",
        "FD_TABLES-TABLE_TYPE" : "TRANSACTIONAL",
        "FD_TABLES-TABLE_SUB_TYPE" : "NONE"
    },
    {
        "FD_TABLES-TABLE_ID" : "893",
        "FD_TABLES-TABLE_NAME" : "ROLES",
        "FD_TABLES-TABLE_TYPE" : "TRANSACTIONAL",
        "FD_TABLES-TABLE_SUB_TYPE" : "NONE"
    },
    {
        "FD_TABLES-TABLE_ID" : "898",
        "FD_TABLES-TABLE_NAME" : "ROLE_RATES",
        "FD_TABLES-TABLE_TYPE" : "TRANSACTIONAL",
        "FD_TABLES-TABLE_SUB_TYPE" : "NONE"
    },
    {
        "FD_TABLES-TABLE_ID" : "901",
        "FD_TABLES-TABLE_NAME" : "ROLE_TEAMS",
        "FD_TABLES-TABLE_TYPE" : "TRANSACTIONAL",
        "FD_TABLES-TABLE_SUB_TYPE" : "NONE"
    },
    {
        "FD_TABLES-TABLE_ID" : "904",
        "FD_TABLES-TABLE_NAME" : "ROLE_TEAM_MEMBERS",
        "FD_TABLES-TABLE_TYPE" : "TRANSACTIONAL",
        "FD_TABLES-TABLE_SUB_TYPE" : "NONE"
    },
    {
        "FD_TABLES-TABLE_ID" : "905",
        "FD_TABLES-TABLE_NAME" : "SCENARIOS",
        "FD_TABLES-TABLE_TYPE" : "TRANSACTIONAL",
        "FD_TABLES-TABLE_SUB_TYPE" : "NONE"
    },
    {
        "FD_TABLES-TABLE_ID" : "906",
        "FD_TABLES-TABLE_NAME" : "SCENARIOS_ACCESS",
        "FD_TABLES-TABLE_TYPE" : "TRANSACTIONAL",
        "FD_TABLES-TABLE_SUB_TYPE" : "NONE"
    },
    {
        "FD_TABLES-TABLE_ID" : "911",
        "FD_TABLES-TABLE_NAME" : "SCENARIO_ITEMS",
        "FD_TABLES-TABLE_TYPE" : "TRANSACTIONAL",
        "FD_TABLES-TABLE_SUB_TYPE" : "NONE"
    },
    {
        "FD_TABLES-TABLE_ID" : "914",
        "FD_TABLES-TABLE_NAME" : "SCENARIO_PORTFOLIOS",
        "FD_TABLES-TABLE_TYPE" : "TRANSACTIONAL",
        "FD_TABLES-TABLE_SUB_TYPE" : "NONE"
    },
    {
        "FD_TABLES-TABLE_ID" : "917",
        "FD_TABLES-TABLE_NAME" : "SCHEDULES",
        "FD_TABLES-TABLE_TYPE" : "TRANSACTIONAL",
        "FD_TABLES-TABLE_SUB_TYPE" : "NONE"
    },
    {
        "FD_TABLES-TABLE_ID" : "920",
        "FD_TABLES-TABLE_NAME" : "SCORE_MATRICES",
        "FD_TABLES-TABLE_TYPE" : "TRANSACTIONAL",
        "FD_TABLES-TABLE_SUB_TYPE" : "NONE"
    },
    {
        "FD_TABLES-TABLE_ID" : "923",
        "FD_TABLES-TABLE_NAME" : "SCORE_MATRIX_SCORECARDS",
        "FD_TABLES-TABLE_TYPE" : "TRANSACTIONAL",
        "FD_TABLES-TABLE_SUB_TYPE" : "NONE"
    },
    {
        "FD_TABLES-TABLE_ID" : "926",
        "FD_TABLES-TABLE_NAME" : "SCORE_MATRIX_TYPES",
        "FD_TABLES-TABLE_TYPE" : "TRANSACTIONAL",
        "FD_TABLES-TABLE_SUB_TYPE" : "NONE"
    },
    {
        "FD_TABLES-TABLE_ID" : "927",
        "FD_TABLES-TABLE_NAME" : "SEARCH_STRINGS",
        "FD_TABLES-TABLE_TYPE" : "TRANSACTIONAL",
        "FD_TABLES-TABLE_SUB_TYPE" : "NONE"
    },
    {
        "FD_TABLES-TABLE_ID" : "932",
        "FD_TABLES-TABLE_NAME" : "SECURITY_SETTINGS",
        "FD_TABLES-TABLE_TYPE" : "TRANSACTIONAL",
        "FD_TABLES-TABLE_SUB_TYPE" : "NONE"
    },
    {
        "FD_TABLES-TABLE_ID" : "935",
        "FD_TABLES-TABLE_NAME" : "SEC_POLICY_STORES",
        "FD_TABLES-TABLE_TYPE" : "TRANSACTIONAL",
        "FD_TABLES-TABLE_SUB_TYPE" : "NONE"
    },
    {
        "FD_TABLES-TABLE_ID" : "938",
        "FD_TABLES-TABLE_NAME" : "SEC_POLICY_STORE_OBJECTS",
        "FD_TABLES-TABLE_TYPE" : "TRANSACTIONAL",
        "FD_TABLES-TABLE_SUB_TYPE" : "NONE"
    },
    {
        "FD_TABLES-TABLE_ID" : "941",
        "FD_TABLES-TABLE_NAME" : "SEC_PS_OBJECT_COLUMNS",
        "FD_TABLES-TABLE_TYPE" : "TRANSACTIONAL",
        "FD_TABLES-TABLE_SUB_TYPE" : "NONE"
    },
    {
        "FD_TABLES-TABLE_ID" : "944",
        "FD_TABLES-TABLE_NAME" : "SESSIONS",
        "FD_TABLES-TABLE_TYPE" : "TRANSACTIONAL",
        "FD_TABLES-TABLE_SUB_TYPE" : "NONE"
    },
    {
        "FD_TABLES-TABLE_ID" : "947",
        "FD_TABLES-TABLE_NAME" : "STAGES",
        "FD_TABLES-TABLE_TYPE" : "TRANSACTIONAL",
        "FD_TABLES-TABLE_SUB_TYPE" : "NONE"
    },
    {
        "FD_TABLES-TABLE_ID" : "948",
        "FD_TABLES-TABLE_NAME" : "STREAMS",
        "FD_TABLES-TABLE_TYPE" : "TRANSACTIONAL",
        "FD_TABLES-TABLE_SUB_TYPE" : "NONE"
    },
    {
        "FD_TABLES-TABLE_ID" : "949",
        "FD_TABLES-TABLE_NAME" : "SUBMITTALS",
        "FD_TABLES-TABLE_TYPE" : "TRANSACTIONAL",
        "FD_TABLES-TABLE_SUB_TYPE" : "NONE"
    },
    {
        "FD_TABLES-TABLE_ID" : "958",
        "FD_TABLES-TABLE_NAME" : "SUBMITTAL_COORDINATORS",
        "FD_TABLES-TABLE_TYPE" : "TRANSACTIONAL",
        "FD_TABLES-TABLE_SUB_TYPE" : "NONE"
    },
    {
        "FD_TABLES-TABLE_ID" : "961",
        "FD_TABLES-TABLE_NAME" : "SUBMITTAL_ITEMS",
        "FD_TABLES-TABLE_TYPE" : "TRANSACTIONAL",
        "FD_TABLES-TABLE_SUB_TYPE" : "NONE"
    },
    {
        "FD_TABLES-TABLE_ID" : "970",
        "FD_TABLES-TABLE_NAME" : "SUBMITTAL_PACKAGES",
        "FD_TABLES-TABLE_TYPE" : "TRANSACTIONAL",
        "FD_TABLES-TABLE_SUB_TYPE" : "NONE"
    },
    {
        "FD_TABLES-TABLE_ID" : "979",
        "FD_TABLES-TABLE_NAME" : "SUBMITTAL_REVIEW_CYCLES",
        "FD_TABLES-TABLE_TYPE" : "TRANSACTIONAL",
        "FD_TABLES-TABLE_SUB_TYPE" : "NONE"
    },
    {
        "FD_TABLES-TABLE_ID" : "982",
        "FD_TABLES-TABLE_NAME" : "SUBMITTAL_REVIEW_STATUS",
        "FD_TABLES-TABLE_TYPE" : "TRANSACTIONAL",
        "FD_TABLES-TABLE_SUB_TYPE" : "NONE"
    },
    {
        "FD_TABLES-TABLE_ID" : "985",
        "FD_TABLES-TABLE_NAME" : "SUBMITTAL_WORKFLOWS",
        "FD_TABLES-TABLE_TYPE" : "TRANSACTIONAL",
        "FD_TABLES-TABLE_SUB_TYPE" : "NONE"
    },
    {
        "FD_TABLES-TABLE_ID" : "988",
        "FD_TABLES-TABLE_NAME" : "SYS_DJOB_QUEUE",
        "FD_TABLES-TABLE_TYPE" : "TRANSACTIONAL",
        "FD_TABLES-TABLE_SUB_TYPE" : "NONE"
    },
    {
        "FD_TABLES-TABLE_ID" : "989",
        "FD_TABLES-TABLE_NAME" : "SYS_DJOB_RUNNERS",
        "FD_TABLES-TABLE_TYPE" : "TRANSACTIONAL",
        "FD_TABLES-TABLE_SUB_TYPE" : "NONE"
    },
    {
        "FD_TABLES-TABLE_ID" : "990",
        "FD_TABLES-TABLE_NAME" : "SYS_KEY_MAPPINGS",
        "FD_TABLES-TABLE_TYPE" : "TRANSACTIONAL",
        "FD_TABLES-TABLE_SUB_TYPE" : "NONE"
    },
    {
        "FD_TABLES-TABLE_ID" : "991",
        "FD_TABLES-TABLE_NAME" : "SYS_PROCESS_LOG",
        "FD_TABLES-TABLE_TYPE" : "TRANSACTIONAL",
        "FD_TABLES-TABLE_SUB_TYPE" : "NONE"
    },
    {
        "FD_TABLES-TABLE_ID" : "992",
        "FD_TABLES-TABLE_NAME" : "SYS_SETTINGS",
        "FD_TABLES-TABLE_TYPE" : "TRANSACTIONAL",
        "FD_TABLES-TABLE_SUB_TYPE" : "NONE"
    },
    {
        "FD_TABLES-TABLE_ID" : "993",
        "FD_TABLES-TABLE_NAME" : "TMP_TEXTS",
        "FD_TABLES-TABLE_TYPE" : "TRANSACTIONAL",
        "FD_TABLES-TABLE_SUB_TYPE" : "NONE"
    },
    {
        "FD_TABLES-TABLE_ID" : "994",
        "FD_TABLES-TABLE_NAME" : "TRENDS",
        "FD_TABLES-TABLE_TYPE" : "TRANSACTIONAL",
        "FD_TABLES-TABLE_SUB_TYPE" : "NONE"
    },
    {
        "FD_TABLES-TABLE_ID" : "997",
        "FD_TABLES-TABLE_NAME" : "TREND_ITEMS",
        "FD_TABLES-TABLE_TYPE" : "TRANSACTIONAL",
        "FD_TABLES-TABLE_SUB_TYPE" : "NONE"
    },
    {
        "FD_TABLES-TABLE_ID" : "1000",
        "FD_TABLES-TABLE_NAME" : "UI_USER_VIEW_PREFS",
        "FD_TABLES-TABLE_TYPE" : "TRANSACTIONAL",
        "FD_TABLES-TABLE_SUB_TYPE" : "NONE"
    },
    {
        "FD_TABLES-TABLE_ID" : "1001",
        "FD_TABLES-TABLE_NAME" : "UI_VIEW_PREFERENCES",
        "FD_TABLES-TABLE_TYPE" : "TRANSACTIONAL",
        "FD_TABLES-TABLE_SUB_TYPE" : "NONE"
    },
    {
        "FD_TABLES-TABLE_ID" : "1004",
        "FD_TABLES-TABLE_NAME" : "UI_VIEW_PREF_DETAILS",
        "FD_TABLES-TABLE_TYPE" : "TRANSACTIONAL",
        "FD_TABLES-TABLE_SUB_TYPE" : "NONE"
    },
    {
        "FD_TABLES-TABLE_ID" : "1007",
        "FD_TABLES-TABLE_NAME" : "USER_SETTINGS",
        "FD_TABLES-TABLE_TYPE" : "TRANSACTIONAL",
        "FD_TABLES-TABLE_SUB_TYPE" : "NONE"
    },
    {
        "FD_TABLES-TABLE_ID" : "1010",
        "FD_TABLES-TABLE_NAME" : "VIEWS",
        "FD_TABLES-TABLE_TYPE" : "TRANSACTIONAL",
        "FD_TABLES-TABLE_SUB_TYPE" : "NONE"
    },
    {
        "FD_TABLES-TABLE_ID" : "1011",
        "FD_TABLES-TABLE_NAME" : "VIEWS_ACCESS",
        "FD_TABLES-TABLE_TYPE" : "TRANSACTIONAL",
        "FD_TABLES-TABLE_SUB_TYPE" : "NONE"
    },
    {
        "FD_TABLES-TABLE_ID" : "1016",
        "FD_TABLES-TABLE_NAME" : "VIEW_COLUMNS",
        "FD_TABLES-TABLE_TYPE" : "TRANSACTIONAL",
        "FD_TABLES-TABLE_SUB_TYPE" : "NONE"
    },
    {
        "FD_TABLES-TABLE_ID" : "1019",
        "FD_TABLES-TABLE_NAME" : "VIEW_SETTINGS",
        "FD_TABLES-TABLE_TYPE" : "TRANSACTIONAL",
        "FD_TABLES-TABLE_SUB_TYPE" : "NONE"
    },
    {
        "FD_TABLES-TABLE_ID" : "1022",
        "FD_TABLES-TABLE_NAME" : "WORKFLOWS",
        "FD_TABLES-TABLE_TYPE" : "TRANSACTIONAL",
        "FD_TABLES-TABLE_SUB_TYPE" : "NONE"
    }
], "totalCount" : 0, "schema" : null}