{
    "response": [
        {
            "configurationName":"Default Configuration",
            "sysConfigurationId":0,
            "configurationDesc":null
        },
        {
            "configurationName":"Test1",
            "sysConfigurationId":1,
            "configurationDesc":null
        },
        {
            "configurationName":"Test2",
            "sysConfigurationId":2,
            "configurationDesc":null
        }
    ],
    "metadata":{
        "id":{
            "type":"NUMBER",
            "validation":{},
            "title":"SYS_CONFIGURATION_ID"
        },
        "configName":{
            "type":"STRING",
            "validation":{},
            "title":"CONFIGURATION_NAME"
        }
    }
}