{
  "WebProxy.WebService.Security.MessageProtection.RequireWsSecurityTimestamp": "true",
  "WebProxy.Services.ProjectHierarchyCache.CachePolicy": "PRR",
  "WebProxy.Application.HelpServerUrl": "http://download.oracle.com/docs/cd/E29618_01/p6help/",
  "UserSecurity.EnableXSSFilter": "true",
  "EventConfig.ResourceAssignment.create": "false",
  "WebProxy.Application.MaxActivitiesPerActivityView": "5000",
  "bpm.partition": null,
  "bpm.user": null,
  "WebProxy.Application.Notifications.EnableIssueNotifications": "false",
  "Datasources.ContentRepository.CMIS.AuthenticationMode": "MultipleUser",
  "WebProxy.Services.ImportProject.QueueLocation": null,
  "Datasources.ContentRepository.Oracle.Host": null,
  "Datasources.ContentRepository.Oracle.SecurityGroup": null,
  "Queue.QClientHost": "t3://localhost:7001",
  "WebProxy.Services.StatusUpdateCheck.Enabled": "false",
  "ClientProperties.JnlpJreVersion": "1.6.0_20+",
  "Datasources.ContentRepository.CMIS.DocumentHome": null,
  "EventConfig.WBS.update": "false",
  "WebProxy.Services.SendToFusion.ActiveMode": "true",
  "WebProxy.Services.SyncDurationPercent.Enabled": "true",
  "WebProxy.Services.Publication.Settings.TimeDistributed.PageSize": "16",
  "WebProxy.Tracer.UseBackGrndSendThread": "true",
  "EventConfig.ResourceAssignment.update": "false",
  "EventConfig.RiskResponseActionImpact.create": "false",
  "ThreadPool.MaxTaskDurationLongRunning": "1200000",
  "WebProxy.GeoCodeProvider.GeoProvider": "Oracle11gGeoCoder",
  "Datasources.BPM.SupportLibRoot": null,
  "WebProxy.WebService.Security.Authentication.SamlToken.SamlOneOneToken.AuthenticationInstantTimeout": "300000",
  "EventConfig.EPSBudgetChangeLog.update": "false",
  "Datasources.Eventing.JMSSecurityEnabled": "true",
  "WebProxy.Services.ApplyActuals.ConcurrentThreads": "2",
  "EventConfig.Role.update": "false",
  "Integrations.Fusion.URL": null,
  "WebProxy.Services.LicenseService.ExpirationCheckRate": "120000",
  "EventConfig.ResourceTeam.create": "false",
  "WebProxy.Application.MaxProjectsInPortfolio": "1000",
  "EventConfig.ProjectCodeAssignment.create": "false",
  "EventConfig.Relationship.create": "false",
  "Log.FileLogger.HTML": "true",
  "Datasources.ContentRepository.SharePoint.LoginName": null,
  "Queue.QServerType": "WeblogicQSvr",
  "EventConfig.ActivityCodeAssignment.update": "false",
  "EventConfig.BaselineProject.create": "false",
  "WebProxy.Tracer.Enabled": "false",
  "EventConfig.ProjectFunding.update": "false",
  "Queue.ClientMsgTTL": "25000",
  "WebProxy.Services.Publication.Settings.Log.ProjectLogFileFailCap": "5",
  "EventConfig.ResourceTeam.update": "false",
  "EventConfig.Process.XML_IMPORT.enable": "false",
  "EventConfig.Risk.update": "false",
  "EventConfig.ResourceCodeAssignment.create": "false",
  "Datasources.Eventing.MaxQueueSize": "1000",
  "EventConfig.Calendar.create": "false",
  "WebProxy.IntegrationServer.RMI.Enable": "true",
  "WebProxy.Services.TimestampService.RefreshRate": "60000",
  "ThreadPool.MaxTaskDuration": "86400000",
  "Datasources.ContentRepository.Oracle.DocumentType": null,
  "Datasources.ContentRepository.CMIS.WebServiceURL": null,
  "WebProxy.Services.Publication.Services.PxResourceManagementService.ConcurrentThreads": "1",
  "EventConfig.WBS.create": "false",
  "EventConfig.Process.SP_COPYPROJECT.enable": "false",
  "EventConfig.ProjectBudgetChangeLog.create": "false",
  "Queue.QServerHost": "t3://localhost:7001",
  "Datasources.Eventing.Enabled": "false",
  "WebProxy.Services.Publication.Services.PxSecurityService.Interval": "10000",
  "ClientProperties.JavaPluginVersionID_IE": "CAFEEFAC-0016-0000-0027-ABCDEFFEDCBA",
  "Integrations.BIPublisher.FolderPath": "/PrimaveraReports/ProjectReports;",
  "WebProxy.Services.SyncRemainToPlanned.ExecutionInterval": "300000",
  "WebProxy.Services.ASAPCleanupRate": "86400000",
  "Datasources.ContentRepository.Oracle.Autovue.URL": "http://localhost/idc/jsp/autovue/csiApplet.jsp",
  "WebProxy.Application.TimesheetURL": null,
  "WebProxy.Services.Publication.Services.PxEnterpriseDataService.ConcurrentThreads": "1",
  "WebProxy.Services.OverallocationCheck.Interval": "30000",
  "Datasources.ContentRepository.Oracle.SecurityAccount": null,
  "EventConfig.RoleTeam.update": "false",
  "WebProxy.Services.SendToFusion.Interval": "10000",
  "UserSecurity.MaximumSessionTimeout": "86400000",
  "WebProxy.Services.ProjectHierarchyCache.MaintenanceFrequency": "18000000",
  "WebProxy.Application.TransactionMonitorExecutionInterval": "600000",
  "Datasources.ContentRepository.SharePoint.Autovue.AutovueEnabled": "false",
  "EventConfig.RiskResponseActionImpact.update": "false",
  "WebProxy.Services.Publication.Settings.TimeDistributed.MaxJobCount": "1",
  "EventConfig.RiskThreshold.update": "false",
  "WebProxy.Services.Publication.Settings.Log.SeverityLevel": "info",
  "WebProxy.IntegrationServer.RMI.StandardServiceEnable": "true",
  "EventConfig.ActivityExpense.create": "false",
  "WebProxy.WebService.Security.Authentication.SamlToken.SignedSamlToken.KeyStoreFileName": "c:\\keystore\\keystore.jks",
  "Log.ConsoleLogger.Enabled": "false",
  "EventConfig.UserOBS.update": "false",
  "WebProxy.Application.MaxMRUListItems": "5",
  "EventConfig.RiskMatrixThreshold.create": "false",
  "EventConfig.Process.STORE_PERIOD_PERFORMANCE.enable": "false",
  "bpm.workspace.url": null,
  "Integrations.BIPublisher.UserName": null,
  "EventConfig.ProjectIssue.update": "false",
  "EventConfig.Process.SP_RESTOREBASELINEPROJECT.enable": "false",
  "WebProxy.WebService.Security.MessageProtection.PrivateKeyAlias": "alias",
  "EventConfig.ActivityNote.create": "false",
  "WebProxy.WebService.Security.MessageProtection.OutboundEncryptionEnabled": "true",
  "WebProxy.Services.SyncActualThisPeriod.ConcurrentThreads": "2",
  "WebProxy.WebService.Security.Authentication.Mode": "UsernameTokenProfile",
  "EventConfig.Activity.create": "false",
  "EventConfig.RiskMatrixScore.update": "false",
  "EventConfig.RiskResponseAction.create": "false",
  "UserSecurity.LogLoginAttempts": "All",
  "EventConfig.RiskMatrixThreshold.update": "false",
  "WebProxy.Services.RegistryService.RefreshRate": "90000",
  "WebProxy.Services.Performance.MaxSummaryNodeCount": "1000",
  "Log.EmailLogger.Enabled": "false",
  "bpm.t3.url": null,
  "WebProxy.Services.RecalcCost.Interval": "10000",
  "Datasources.ContentRepository.Type": "None",
  "DirectoryServices.ContextFactory": null,
  "WebProxy.Services.RegistryService.Port": "9192",
  "EventConfig.ActivityStep.create": "false",
  "WebProxy.Services.SyncRemainToPlanned.ConcurrentThreads": "2",
  "Localization.SystemLanguage": "en",
  "WebProxy.Services.Publication.Settings.General.MaxJobCount": "1",
  "WebProxy.PerfMon.Enabled": "false",
  "EventConfig.RiskCategory.update": "false",
  "WebProxy.Services.Publication.Services.PxResourceManagementService.ActiveMode": "true",
  "EventConfig.UDFValue.update": "false",
  "ThreadPool.MaintenanceFrequency": "45000",
  "WebProxy.Services.WebScheduler.Interval": "10000",
  "WebProxy.Services.SendToFusion.ConcurrentThreads": "2",
  "Datasources.Eventing.JMSUsername": null,
  "WebProxy.Services.MailService.MaxQueueLength": "250",
  "Datasources.ContentRepository.SharePoint.Domain": null,
  "Integrations.BIPublisher.UsersFolder": "false",
  "WebProxy.Application.FilteredPortfolioStalePeriod": "86400000",
  "EventConfig.EPSFunding.create": "false",
  "WebProxy.Services.EnableStartupCleaning": "false",
  "EventConfig.ProjectCodeAssignment.update": "false",
  "EventConfig.ProjectResource.create": "false",
  "WebProxy.Application.IgnoreDaylightSavingsTime": "true",
  "WebProxy.Services.WebLeveler.ConcurrentThreads": "2",
  "WebProxy.Application.MaxProjectsPerPortfolioView": "5000",
  "WebProxy.Services.WebLeveler.Interval": "10000",
  "DirectoryServices.SecurityLevel": "SIMPLE",
  "WebProxy.Services.Publication.Settings.General.PageSize": "32",
  "EventConfig.RiskMatrixScore.create": "false",
  "WebProxy.Services.Publication.Services.PxEnterpriseSummariesService.ActiveMode": "true",
  "DirectoryServices.Principal": null,
  "EventConfig.ProjectNote.create": "false",
  "EventConfig.Process.CR_CHECKIN.enable": "false",
  "EventConfig.ActivityCodeAssignment.create": "false",
  "WebProxy.Services.Publication.Services.PxProjectService.ActiveMode": "true",
  "WebProxy.Tracer.SocketPort": "9210",
  "EventConfig.RiskImpact.update": "false",
  "EventConfig.RiskResponsePlan.update": "false",
  "EventConfig.RiskResponseAction.update": "false",
  "WebProxy.Services.WebSummarizer.Interval": "10000",
  "EventConfig.RiskMatrix.update": "false",
  "WebProxy.Services.SyncDurationPercent.ConcurrentThreads": "2",
  "WebProxy.WebService.Security.Authentication.UsernameToken.Nonce.NonceCacheTimeOut": "600000",
  "WebProxy.Services.Publication.Services.PxEnterpriseSummariesService.ConcurrentThreads": "1",
  "EventConfig.RiskResponsePlan.create": "false",
  "WebProxy.Server": null,
  "General.ShowConsole": "true",
  "Datasources.ContentRepository.CMIS.LoginName": null,
  "WebProxy.Services.SyncDurationPercent.ActivityThreshold": "8000",
  "WebProxy.Services.Publication.Services.PxSecurityService.ConcurrentThreads": "1",
  "EventConfig.Process.SUMMARIZE.enable": "false",
  "ClientProperties.CompressHtmlContent": "true",
  "EventConfig.Process.SCHEDULE.enable": "false",
  "UserSecurity.LoginLockoutCount": "5",
  "WebProxy.Services.StatusUpdateCheck.Time": "12AM",
  "WebProxy.Services.ImportProject.ImportMaxFileSize": "102400",
  "Log.EmailLogger.EmailSubject": "P6WebAccesserror",
  "WebProxy.IntegrationServer.RMI.CompressionServicePort": "0",
  "WebProxy.WebService.Security.Authentication.SamlToken.SignedSamlToken.CertificateAlias": "alias",
  "EventConfig.ActivityRisk.create": "false",
  "ClientProperties.MaxAppletMemory": "256",
  "WebProxy.PerfMon.MonitorHost": "localhost",
  "WebProxy.Services.ConfigurationManagement.CollectionEnabled": "false",
  "WebProxy.Services.SyncDurationPercent.ExecutionInterval": "300000",
  "WebProxy.Services.ApplyActuals.ActiveMode": "true",
  "EventConfig.EPSNote.update": "false",
  "EventConfig.Process.APPLY_ACTUALS.enable": "false",
  "EventConfig.RiskMatrix.create": "false",
  "WebProxy.Services.Publication.Services.PxProjectArbiterService.ActiveMode": "true",
  "WebProxy.GeoCodeProvider.GeoCoderProviderUrl": "http://elocation.oracle.com/geocoder/gcserver",
  "Queue.QproxyAnswerName": "phoenix.qproxy.answer",
  "Log.FileLogger.Enabled": "true",
  "EventConfig.ActivityStep.update": "false",
  "Integrations.AIA.UserName": null,
  "WebProxy.Services.CollaborationSyncService.SynchronizationInterval": "3600000",
  "Integrations.BIPublisher.BIPublisherServer": null,
  "WebProxy.Services.LicenseService.UpdateRate": "30000",
  "WebProxy.Services.WebSummarizer.ConcurrentThreads": "2",
  "WebProxy.WebService.Security.Authentication.SamlToken.SamlRequireSigned": "true",
  "EventConfig.ProjectNote.update": "false",
  "EventConfig.ProjectResource.update": "false",
  "WebProxy.Services.SyncRemainToPlanned.ActivityThreshold": "8000",
  "WebProxy.Services.SyncActualThisPeriod.ActivityThreshold": "8000",
  "WebProxy.WebService.Security.MessageProtection.KeyStoreFileName": "c:\\keystore\\keystore.jks",
  "Queue.QProxyObjectClass": "com.primavera.infr.q.NullQProxyObjectFactory",
  "WebProxy.Application.AllowAutoSummarizeOption": "true",
  "EventConfig.ActivityOwner.create": "false",
  "WebProxy.Services.MailService.SmtpPort": "465",
  "Datasources.ContentRepository.Oracle.AdminUser": null,
  "ClientProperties.EnableAppletsAsJnlp": "false",
  "Integrations.BIPublisher.CacheTimeout": "86400000",
  "WebProxy.Services.RecalcCost.ActiveMode": "true",
  "WebProxy.PerfMon.UpdateInterval": "1000",
  "Log.EmailLogger.SMTPHost": null,
  "WebProxy.WebService.Security.Authentication.SamlToken.SamlVersion": "1.1",
  "WebProxy.Services.WebLeveler.ActiveMode": "true",
  "EventConfig.RiskThreshold.create": "false",
  "Log.EmailLogger.ToEmailAddress": null,
  "EventConfig.User.update": "false",
  "WebProxy.Services.AsynchJobs.GraceTime": "86400000",
  "Datasources.ContentRepository.Oracle.AuthenticationMode": "MultipleUser",
  "EventConfig.ActivityNote.update": "false",
  "EventConfig.Process.SP_CONVERTPROJECTTOBASELINE.enable": "false",
  "WebProxy.Services.Publication.Services.PxProjectArbiterService.ConcurrentThreads": "1",
  "EventConfig.EPS.update": "false",
  "EventConfig.RoleTeam.create": "false",
  "WebProxy.Services.MailService.AuthorizedUser": null,
  "WebProxy.Services.MailService.EmailSecurity": "SSL",
  "EventConfig.Activity.update": "false",
  "WebProxy.WebService.Security.Authentication.SamlToken.SamlOneOneToken.Issuer": "http://your.saml.issuer.com",
  "WebProxy.IntegrationServer.SessionTimeOut": "120",
  "WebProxy.WebService.Security.MessageProtection.KeyStoreType": "JKS",
  "EventConfig.Process.CR_ADDFOLDER.enable": "false",
  "WebProxy.Services.PeriodPerformance.Interval": "10000",
  "WebProxy.PerfMon.MonitorPort": "6990",
  "Datasources.ContentRepository.Oracle.Autovue.AutovueEnabled": "false",
  "WebProxy.Services.SyncActualThisPeriod.Enabled": "true",
  "WebProxy.Services.ProjectHierarchyCache.CacheLimit": "5000",
  "EventConfig.Timesheet.create": "false",
  "WebProxy.Services.Performance.UseEnterpriseSummary": "false",
  "WebProxy.Services.Publication.Services.PxEnterpriseDataService.Interval": "10000",
  "WebProxy.Application.Notifications.NotificationsFromEmailOverride": "false",
  "WebProxy.ReqMgrPerf.Enabled": "false",
  "Datasources.Eventing.QueueDestination": null,
  "ClientProperties.JavaPluginURL_IE": "../applets/jre/jre-6u27-windows-i586.exe#Version=1,6,0,27",
  "WebProxy.Services.NextKeyService.RefreshRate": "60000",
  "Queue.QPeekAlivePeriod": "6000",
  "WebProxy.WebService.Security.MessageProtection.Fusion.Outbound.KeyStoreType": "JKS",
  "WebProxy.Services.SyncRemainToPlanned.Enabled": "true",
  "WebProxy.Tracer.ServerName": "localhost",
  "WebProxy.Services.Publication.Services.PxSecurityService.ActiveMode": "true",
  "WebProxy.Services.SyncActualThisPeriod.ExecutionInterval": "300000",
  "EventConfig.Resource.create": "false",
  "EventConfig.ProjectFunding.create": "false",
  "WebProxy.Services.PeriodPerformance.ConcurrentThreads": "2",
  "Integrations.AIA.DataSource": "AIA_ProjP6EPPM_DS",
  "WebProxy.Application.MaxPortletsPerDashboard": "12",
  "EventConfig.User.create": "false",
  "EventConfig.BaselineProject.update": "false",
  "Log.FileLogger.LogFileSize": "1024",
  "WebProxy.IntegrationServer.RMI.SSLServiceEnable": "true",
  "EventConfig.ActivityOwner.update": "false",
  "WebProxy.Application.Calendar.Type": "Hourly",
  "WebProxy.Application.MaxAssignmentsPerAssignmentView": "2000",
  "Datasources.ContentRepository.SharePoint.Autovue.URL": "http://localhost/site/_layouts/1033/vue.aspx",
  "WebProxy.Services.AlertNotificationService.RefreshRate": "30000",
  "Queue.BreMsgTTL": "25000",
  "WebProxy.Services.Publication.Settings.Log.ProjectLogFileSucessCap": "5",
  "EventConfig.RoleRate.create": "false",
  "Integrations.BIPublisher.BIPublisherVersion": "10.1.3.4.1",
  "WebProxy.Services.WebScheduler.ActiveMode": "true",
  "EventConfig.Process.PUBLISH_ENTERPRISE_DATA.enable": "false",
  "WebProxy.Services.EnableAllServices": "true",
  "EventConfig.RiskThresholdLevel.update": "false",
  "EventConfig.Process.CR_ADDDOCUMENT.enable": "false",
  "WebProxy.Services.WebSummarizer.ActiveMode": "true",
  "WebProxy.IntegrationServer.RMI.StandardServicePort": "0",
  "WebProxy.Services.MailService.EmailNotificationServer": null,
  "WebProxy.Services.Publication.Settings.Blob.PageSize": "25",
  "Queue.QproxyAskName": "phoenix.qproxy.ask",
  "EventConfig.Process.SP_CREATEPROJECTFROMTEMPLATE.enable": "false",
  "Datasources.ContentRepository.SharePoint.WebServiceURL": null,
  "WebProxy.Services.ConfigurationManagement.CollectionTime": "12AM",
  "Integrations.Fusion.UserName": null,
  "ThreadPool.NumThreads": "50",
  "WebProxy.Services.Publication.Settings.Blob.MaxJobCount": "1",
  "WebProxy.WebService.Security.Authentication.UsernameToken.Timestamp.TimestampTimeout": "600000",
  "EventConfig.ResourceRate.create": "false",
  "Integrations.AIA.TargetSystemId": null,
  "EventConfig.Relationship.update": "false",
  "EventConfig.Project.update": "false",
  "Integrations.Excel.ExcelImportMaxFileSize": "1048",
  "Datasources.BPM.BPMConnectorFile": null,
  "WebProxy.WebService.Security.MessageProtection.Fusion.Outbound.KeyStoreFileName": "c:\\keystore\\keystore.jks",
  "Log.ConsoleLogger.SeverityLevel": "info",
  "WebProxy.Services.AsynchJobs.PurgeInterval": "3600000",
  "ClientProperties.JavaPluginURL_FF": "../applets/jre/getplugin_16.jsp",
  "WebProxy.WebService.Security.Authentication.SamlToken.SignedSamlToken.KeyStoreType": "JKS",
  "EventConfig.EPS.create": "false",
  "EventConfig.ProjectIssue.create": "false",
  "WebProxy.WebService.Security.Authentication.SamlToken.SamlOneOneToken.IssueInstantTimeout": "300000",
  "Datasources.BPM.Version": "11G",
  "WebProxy.Application.UPKSetup.UPKServerURL": null,
  "EventConfig.Calendar.update": "false",
  "Log.EmailLogger.FromEmailAddress": null,
  "EventConfig.ActivityRisk.update": "false",
  "Integrations.AIA.Enabled": "false",
  "Datasources.Eventing.QueueConnectionFactory": null,
  "WebProxy.Services.RecalcCost.ConcurrentThreads": "2",
  "WebProxy.Services.Publication.Services.PxEnterpriseSummariesService.Interval": "10000",
  "WebProxy.Application.MaxRPSpreadsheetProjects": "100",
  "Integrations.AIA.SystemId": "P6EPPM_01",
  "WebProxy.IntegrationServer.RMI.RegistryPort": "9099",
  "WebProxy.Services.ApplyActuals.Interval": "10000",
  "Integrations.Fusion.SchemaVersion": "v1",
  "WebProxy.Application.CMEncryptionKey": "F55BB352-B5FE-3AB2-A91C-189F0079D31E",
  "WebProxy.WebService.Security.MessageProtection.WebServiceEncryptionEnabled": "true",
  "WebProxy.Application.LogoutURL": null,
  "EventConfig.Resource.update": "false",
  "DirectoryServices.Credentials": null,
  "Integrations.AIA.QueueName": "AIA_ProjP6EPPMJMSQueue",
  "EventConfig.ProjectPortfolio.create": "false",
  "WebProxy.Services.ASAPPollRate": "10000",
  "WebProxy.Services.Publication.Settings.Log.GlobalLogFileSucessCap": "5",
  "WebProxy.Services.PeriodPerformance.ActiveMode": "true",
  "EventConfig.RiskCategory.create": "false",
  "EventConfig.Timesheet.update": "false",
  "WebProxy.Services.Publication.Services.PxProjectService.Interval": "10000",
  "DirectoryServices.ContextProviderURL": null,
  "Datasources.ContentRepository.SharePoint.LibraryURL": null,
  "UserSecurity.LoginLockoutDuration": "3600000",
  "WebProxy.IntegrationServer.RMI.CompressionServiceEnable": "true",
  "Datasources.ContentRepository.SharePoint.HostName": null,
  "WebProxy.Services.Publication.Services.PxProjectArbiterService.Interval": "10000",
  "Integrations.Fusion.IntegrationId": null,
  "WebProxy.Services.WebScheduler.ConcurrentThreads": "2",
  "Datasources.Eventing.EventingShowCosts": "false",
  "bpm.security.realm": null,
  "ClientProperties.JavaPluginVersionID_FF": "application/x-java-applet;version=1.6",
  "ClientProperties.CompressAppletCommunication": "true",
  "EventConfig.RiskImpact.create": "false",
  "DirectoryServices.Lookup": "primavera",
  "EventConfig.Process.PUBLISH_PROJECT.enable": "false",
  "WebProxy.Port": "80",
  "ClientProperties.ServerAndPortOverride": "http://servername:80",
  "Datasources.ContentRepository.Oracle.OracleHome": null,
  "WebProxy.WebService.Security.MessageProtection.RequireSignedSoapMessage": "true",
  "UserSecurity.AllowMultiSessionUser": "Yes",
  "WebProxy.Application.Notifications.NotificationsFromEmail": null,
  "Datasources.Eventing.Interval": "60000",
  "EventConfig.Role.create": "false",
  "EventConfig.Process.SP_COPYPROJECTASBASELINE.enable": "false",
  "WebProxy.Services.NextKeyService.MaxCachedKeys": "10",
  "WebProxy.Services.Publication.Services.PxResourceManagementService.Interval": "10000",
  "EventConfig.RoleRate.update": "false",
  "EventConfig.RiskThresholdLevel.create": "false",
  "EventConfig.Risk.create": "false",
  "Integrations.BIPublisher.StripUserChars": "false",
  "EventConfig.EPSBudgetChangeLog.create": "false",
  "WebProxy.Services.OverallocationCheck.ActiveMode": "true",
  "EventConfig.UserOBS.create": "false",
  "EventConfig.ProjectPortfolio.update": "false",
  "Log.FileLogger.ArchiveNumber": "6",
  "WebProxy.Services.Publication.Settings.Log.GlobalLogFileFailCap": "5",
  "WebProxy.Application.CustomPortletURLUserInfoEncryptionKey": null,
  "EventConfig.UDFValue.create": "false",
  "bpm.soap.url": null,
  "Integrations.Excel.ExcelImportMaxTransactions": "2000",
  "Log.FileLogger.SeverityLevel": "error",
  "Log.Asynchronous": "true",
  "WebProxy.WebService.Security.MessageProtection.Fusion.Outbound.WebServiceEncryptionEnabled": "true",
  "WebProxy.Services.MailService.SendInterval": "60000",
  "EventConfig.Process.SP_CREATECOPYASTEMPLATE.enable": "false",
  "WebProxy.WebService.Security.Authentication.UsernameToken.Nonce.NonceEnabled": "true",
  "WebProxy.Services.Publication.Services.PxProjectService.ConcurrentThreads": "2",
  "EventConfig.Process.RECALCULATE_ASSIGNMENT_COSTS.enable": "false",
  "EventConfig.Process.PUBLISH_SECURITY.enable": "false",
  "Queue.BreReconnectTime": "30000",
  "Queue.Group": "Phoenix",
  "EventConfig.ProjectBudgetChangeLog.update": "false",
  "EventConfig.ResourceRole.create": "false",
  "WebProxy.WebService.Security.Authentication.UsernameToken.Timestamp.UsernameTokenTimestampEnabled": "true",
  "EventConfig.ResourceCodeAssignment.update": "false",
  "EventConfig.Process.PUBLISH_RESOURCE_MANAGEMENT.enable": "false",
  "EventConfig.Process.PUBLISH_ENTERPRISE_SUMMARIES.enable": "false",
  "EventConfig.Process.LEVEL.enable": "false",
  "WebProxy.IntegrationServer.RMI.SSLServicePort": "0",
  "EventConfig.Process.SP_COPYBASELINEPROJECT.enable": "false",
  "Localization.SystemCountry": "US",
  "WebProxy.Services.OverallocationCheck.ConcurrentThreads": "2",
  "EventConfig.ActivityExpense.update": "false",
  "EventConfig.EPSFunding.update": "false",
  "Datasources.ContentRepository.CMIS.RepositoryName": null,
  "Datasources.ContentRepository.Oracle.Prefix": null,
  "EventConfig.ResourceRole.update": "false",
  "Datasources.ContentRepository.Oracle.Port": null,
  "WebProxy.Application.UPKSetup.EnableUPK": "false",
  "WebProxy.Services.Publication.Services.PxEnterpriseDataService.ActiveMode": "true",
  "WebProxy.Services.RegistryService.StalePeriod": "240000",
  "Datasources.ContentRepository.SharePoint.AuthenticationMode": "MultipleUser",
  "WebProxy.WebService.Security.MessageProtection.Fusion.Outbound.CertificateAlias": "alias",
  "EventConfig.Project.create": "false",
  "Datasources.ContentRepository.SharePoint.ExternalLibraryURL": null,
  "WebProxy.Application.MaxProjectsPerProjectView": "2000",
  "EventConfig.ResourceRate.update": "false",
  "Integrations.AIA.ContextFactory": "weblogic.jndi.WLInitialContextFactory",
  "EventConfig.EPSNote.create": "false"
}
