[
    {
        "firstName" : "Belinda",
        "lastName" : "Hix",
        "userName" : "belinda.hix"
    },    {
        "firstName" : "Tiffany",
        "lastName" : "Dickson",
        "userName" : "tiffany.dickson"
    },    {
        "firstName" : "Sally",
        "lastName" : "Keene",
        "userName" : "sally.keene"
    },    {
        "firstName" : "Della",
        "lastName" : "Loucks",
        "userName" : "della.loucks"
    },    {
        "firstName" : "Jesse",
        "lastName" : "Struble",
        "userName" : "jesse.struble"
    },    {
        "firstName" : "Regina",
        "lastName" : "West",
        "userName" : "regina.west"
    }
]
