{
    "form": {
        "id": "1000",
        "name": "Master Form for Sprint 2",
        "label": "Form for Sprint 2",
        "type": "upperForm",
        "data":{
            "Project_Name": "Apartment Complex Expansion",
            "Project_Description": "The Sunnydale Tenat Association has requested an aditional 25 units to be added to the current Sunnydale Apartment Complex",
            "Project_Sponsor":"John Due",
            "Project_BusinessProcess": "Construction",
            "Project_BusinessSegment": "Commercial Construction",
			"Project_StrategicObjective": "Increase short term revenues",
			"Project_BusinessJustification": "The Sunnydale Tenant Association has raised 5 million dollars towards renovating the Complex to include 25 luxury units.  There is an increased demand, and preliminary calculations show that the project would pay for itself in 2 years.",
            "Project_Type": "Capital Construction",
			"Project_PlannedStart": "06/04/2012",
			"Project_EstimatedBudget": "5,000,000.00",
			"Project_Status": "Requested",
			"Comments": "Efficiently formulate backend models and magnetic quality vectors. Quickly eviscerate team driven synergy and fully researched supply chains. Professionally leverage other's unique leadership skills whereas standards compliant strategic theme areas. Phosfluorescently fabricate cross-platform partnerships whereas.",
			"Project_AnticipatedFinish": "31/5/2013",
			"Project_UseContractManagement": "false"
        }
    }

}

