{"type":"FORM","children":[{"type":"TAB","children":[{"type":"GROUPBOXSET","children":[{"type":"GROUPBOX","children":[{"type":"TEXT","children":[],"readOnly":false,"border":false,"columnDefinition":{"columnName":"PROJ_NAME","tableName":"CO_PROJECT","columnLabel":"Proj Name","columnId":498,"columnDescription":"CO_PROJECT.PROJ_NAME"},"formControlId":3,"customLabel":"Project Name","parentFormControlId":2,"conrolOrder":1,"showLabel":false,"dataKey":"projectName"},{"type":"TEXTAREA","children":[],"readOnly":false,"border":false,"columnDefinition":{"columnName":"DESCRIPTION","tableName":"CO_PROJECT","columnLabel":"Description","columnId":502,"columnDescription":"CO_PROJECT.DESCRIPTION"},"formControlId":4,"customLabel":"Project Description","parentFormControlId":2,"conrolOrder":2,"showLabel":false,"dataKey":"description"}],"readOnly":false,"border":true,"columnDefinition":{},"formControlId":2,"customLabel":"Group 1","parentFormControlId":1,"conrolOrder":1,"controlWidth":2,"showLabel":false},{"type":"GROUPBOX","children":[{"type":"DROPDOWN","children":[],"readOnly":false,"border":false,"columnDefinition":{"columnName":"PROJECTTYPE","tableName":"CO_PROJECT","columnLabel":"Projecttype","columnId":604,"columnDescription":"CO_PROJECT.PROJECTTYPE"},"projectCategoryTypeId":54,"formControlId":6,"customLabel":"Project Type","parentFormControlId":5,"conrolOrder":1,"showLabel":false,"dropdownLabelType":"Project Type"},{"type":"PROMPT","children":[],"readOnly":false,"border":false,"columnDefinition":{},"formControlId":7,"customLabel":"stam prompt","parentFormControlId":5,"conrolOrder":2,"showLabel":false},{"type":"DATEPICKER","children":[],"readOnly":false,"border":false,"columnDefinition":{"columnName":"ACTUAL_START_DATE","tableName":"CO_PROJECT","columnLabel":"Actual Start Date","columnId":503,"columnDescription":"CO_PROJECT.ACTUAL_START_DATE"},"formControlId":8,"customLabel":"Actual Start date","parentFormControlId":5,"conrolOrder":3,"showLabel":false,"dataKey":"actualStart"},{"type":"MONETARY","children":[],"readOnly":true,"border":false,"columnDefinition":{"columnName":"DEF_COST_PER_QTY","tableName":"CO_PROJECT","columnLabel":"Def Cost Per Qty","columnId":535,"columnDescription":"CO_PROJECT.DEF_COST_PER_QTY"},"formControlId":9,"customLabel":"Cost Per Quantaty","parentFormControlId":5,"conrolOrder":3,"showLabel":false}],"readOnly":false,"border":false,"columnDefinition":{},"formControlId":5,"customLabel":"Group 2","parentFormControlId":1,"conrolOrder":2,"controlWidth":2,"showLabel":false}],"readOnly":false,"border":false,"columnDefinition":{},"formControlId":1,"customLabel":"Group set","parentFormControlId":0,"conrolOrder":1,"showLabel":false}],"tabId":1,"tabName":"Tab1","tabOrder":1},{"type":"TAB","children":[{"type":"GROUPBOXSET","children":[{"type":"GROUPBOX","children":[{"type":"DROPDOWN","children":[],"readOnly":false,"border":false,"columnDefinition":{"columnName":"PROJECTTYPE","tableName":"CO_PROJECT","columnLabel":"Projecttype","columnId":604,"columnDescription":"CO_PROJECT.PROJECTTYPE"},"projectCategoryTypeId":54,"formControlId":12,"customLabel":"Project Type","parentFormControlId":11,"conrolOrder":1,"showLabel":false,"dropdownLabelType":"Project Type"},{"type":"PROMPT","children":[],"readOnly":false,"border":false,"columnDefinition":{},"formControlId":13,"customLabel":"stam prompt","parentFormControlId":11,"conrolOrder":2,"showLabel":false},{"type":"DATEPICKER","children":[],"readOnly":false,"border":false,"columnDefinition":{"columnName":"ACTUAL_START_DATE","tableName":"CO_PROJECT","columnLabel":"Actual Start Date","columnId":503,"columnDescription":"CO_PROJECT.ACTUAL_START_DATE"},"formControlId":14,"customLabel":"Actual Start date","parentFormControlId":11,"conrolOrder":3,"showLabel":false,"dataKey":"actualStart"},{"type":"MONETARY","children":[],"readOnly":true,"border":false,"columnDefinition":{"columnName":"DEF_COST_PER_QTY","tableName":"CO_PROJECT","columnLabel":"Def Cost Per Qty","columnId":535,"columnDescription":"CO_PROJECT.DEF_COST_PER_QTY"},"formControlId":15,"customLabel":"Cost Per Quantaty","parentFormControlId":11,"conrolOrder":4,"showLabel":false}],"readOnly":false,"border":false,"columnDefinition":{},"formControlId":11,"customLabel":"Group 3","parentFormControlId":10,"conrolOrder":2,"controlWidth":4,"showLabel":false}],"readOnly":false,"border":false,"columnDefinition":{},"formControlId":10,"customLabel":"Group set","parentFormControlId":0,"conrolOrder":1,"showLabel":false}],"tabId":2,"tabName":"Tab2","tabOrder":2}],"formName":"Form1","formId":1,"formTitle":"Form1 title","formDescription":"form1 description","projectCategoryTypes":[{"sequenceNumber":5800,"projectCategoryTypeId":54,"superFlag":false,"projectCategoryShortLen":20,"projectCategoryTypeWT":0,"maxProjectCategoryWT":0,"projectCategoryType":"Project Type","projectCategoryTypeValues":[{"sequenceNumber":101,"projectCategoryId":null,"projectCategoryTypeId":null,"projectCategoryShortName":"BPR","parentProjectCategoryId":null,"projectCategoryName":"Business Process Redesign","projectCategoryWT":0},{"sequenceNumber":200,"projectCategoryId":null,"projectCategoryTypeId":null,"projectCategoryShortName":"NPI","parentProjectCategoryId":null,"projectCategoryName":"New Product Introduction","projectCategoryWT":0},{"sequenceNumber":300,"projectCategoryId":null,"projectCategoryTypeId":null,"projectCategoryShortName":"IT","parentProjectCategoryId":null,"projectCategoryName":"IT","projectCategoryWT":0},{"sequenceNumber":400,"projectCategoryId":null,"projectCategoryTypeId":null,"projectCategoryShortName":"CapConst","parentProjectCategoryId":null,"projectCategoryName":"Capital Construction","projectCategoryWT":0},{"sequenceNumber":500,"projectCategoryId":null,"projectCategoryTypeId":null,"projectCategoryShortName":"Maint","parentProjectCategoryId":null,"projectCategoryName":"Asset Maintenance","projectCategoryWT":0}]}]}

