{
    "roType": "formRO",
    "formEntity": "project",
    "type": "FORM",
    "children": [
        {
            "roType": "tabRO",
            "type": "TAB",
            "children": [
                {
                    "roType": "formControlRO",
                    "type": "GROUPBOXSET",
                    "children": [
                        {
                            "roType": "formControlRO",
                            "type": "GROUPBOX",
                            "children": [
                                {
                                    "roType": "formControlRO",
                                    "type": "TEXT",
                                    "children": [],
                                    "readOnly": false,
                                    "border": false,
                                    "columnDefinition": {
                                        "columnName": "PROJ_NAME",
                                        "tableName": "CO_PROJECT",
                                        "columnLabel": "Proj Name",
                                        "columnId": 498,
                                        "columnDescription": "CO_PROJECT.PROJ_NAME"
                                    },
                                    "formControlId": 4,
                                    "customLabel": "* Name",
                                    "parentFormControlId": 3,
                                    "controlOrder": 1,
                                    "controlWidth": 1,
                                    "showLabel": false,
                                    "dataKey": "projectName"
                                },
                                {
                                    "roType": "formControlRO",
                                    "type": "PROMPT",
                                    "children": [],
                                    "readOnly": false,
                                    "border": false,
                                    "columnDefinition": {
                                        "columnName": "TABLE_TYPE",
                                        "tableName": "FD_TABLE",
                                        "columnLabel": "Table Type",
                                        "columnId": 999,
                                        "columnDescription": "FD_TABLE.TABLE_TYPE"
                                    },
                                    "formControlId": 5,
                                    "customLabel": "Please describe the business benefits for this project:",
                                    "parentFormControlId": 3,
                                    "controlOrder": 2,
                                    "showLabel": false
                                },
                                {
                                    "roType": "formControlRO",
                                    "type": "TEXTAREA",
                                    "children": [],
                                    "readOnly": false,
                                    "border": false,
                                    "columnDefinition": {
                                        "columnName": "DESCRIPTION",
                                        "tableName": "CO_PROJECT",
                                        "columnLabel": "Description",
                                        "columnId": 502,
                                        "columnDescription": "CO_PROJECT.DESCRIPTION"
                                    },
                                    "formControlId": 6,
                                    "customLabel": "Project Description",
                                    "parentFormControlId": 3,
                                    "controlOrder": 3,
                                    "showLabel": false,
                                    "dataKey": "description"
                                }
                            ],
                            "readOnly": false,
                            "border": true,
                            "columnDefinition": {
                                "columnName": "TABLE_TYPE",
                                "tableName": "FD_TABLE",
                                "columnLabel": "Table Type",
                                "columnId": 999,
                                "columnDescription": "FD_TABLE.TABLE_TYPE"
                            },
                            "formControlId": 3,
                            "customLabel": "Project Information",
                            "parentFormControlId": 2,
                            "controlOrder": 1,
                            "controlWidth": 4,
                            "showLabel": false
                        },
                        {
                            "roType": "formControlRO",
                            "type": "GROUPBOX",
                            "children": [
                                {
                                    "roType": "formControlRO",
                                    "type": "GROUPBOXSET",
                                    "children": [
                                        {
                                            "roType": "formControlRO",
                                            "type": "GROUPBOX",
                                            "children": [
                                                {
                                                    "roType": "formControlRO",
                                                    "type": "TEXT",
                                                    "children": [],
                                                    "readOnly": false,
                                                    "border": false,
                                                    "columnDefinition": {
                                                        "columnName": "UPDATE_USER",
                                                        "tableName": "CO_PROJECT",
                                                        "columnLabel": "Update User",
                                                        "columnId": 616,
                                                        "columnDescription": "CO_PROJECT.UPDATE_USER"
                                                    },
                                                    "formControlId": 10,
                                                    "customLabel": "Sponsor",
                                                    "parentFormControlId": 9,
                                                    "controlOrder": 1,
                                                    "controlWidth": 1,
                                                    "showLabel": false,
                                                    "dataKey": "updateUser"
                                                },
                                                {
                                                    "roType": "formControlRO",
                                                    "type": "DROPDOWN",
                                                    "children": [],
                                                    "readOnly": false,
                                                    "border": false,
                                                    "columnDefinition": {
                                                        "columnName": "PROJECTTYPE",
                                                        "tableName": "CO_PROJECT",
                                                        "columnLabel": "Projecttype",
                                                        "columnId": 604,
                                                        "columnDescription": "CO_PROJECT.PROJECTTYPE"
                                                    },
                                                    "projectCategoryTypeId": 237,
                                                    "formControlId": 12,
                                                    "customLabel": "Business Process",
                                                    "parentFormControlId": 9,
                                                    "controlOrder": 2,
                                                    "showLabel": false,
                                                    "dropdownLabelType": "Business Process",
                                                    "dataKey": 237
                                                }
                                            ],
                                            "readOnly": false,
                                            "border": false,
                                            "columnDefinition": {
                                                "columnName": "TABLE_TYPE",
                                                "tableName": "FD_TABLE",
                                                "columnLabel": "Table Type",
                                                "columnId": 999,
                                                "columnDescription": "FD_TABLE.TABLE_TYPE"
                                            },
                                            "formControlId": 9,
                                            "parentFormControlId": 8,
                                            "controlOrder": 1,
                                            "controlWidth": 2,
                                            "showLabel": false
                                        },
                                        {
                                            "roType": "formControlRO",
                                            "type": "GROUPBOX",
                                            "children": [
                                                {
                                                    "roType": "formControlRO",
                                                    "type": "DROPDOWN",
                                                    "children": [],
                                                    "readOnly": false,
                                                    "border": false,
                                                    "columnDefinition": {
                                                        "columnName": "PROJECTTYPE",
                                                        "tableName": "CO_PROJECT",
                                                        "columnLabel": "Projecttype",
                                                        "columnId": 604,
                                                        "columnDescription": "CO_PROJECT.PROJECTTYPE"
                                                    },
                                                    "projectCategoryTypeId": 236,
                                                    "formControlId": 13,
                                                    "customLabel": "Business Segment",
                                                    "parentFormControlId": 11,
                                                    "controlOrder": 1,
                                                    "showLabel": false,
                                                    "dropdownLabelType": "Business Segment",
                                                    "dataKey": 236
                                                },
                                                {
                                                    "roType": "formControlRO",
                                                    "type": "DROPDOWN",
                                                    "children": [],
                                                    "readOnly": false,
                                                    "border": false,
                                                    "columnDefinition": {
                                                        "columnName": "PROJECTTYPE",
                                                        "tableName": "CO_PROJECT",
                                                        "columnLabel": "Projecttype",
                                                        "columnId": 604,
                                                        "columnDescription": "CO_PROJECT.PROJECTTYPE"
                                                    },
                                                    "projectCategoryTypeId": 200,
                                                    "formControlId": 14,
                                                    "customLabel": "Strategic Objective",
                                                    "parentFormControlId": 11,
                                                    "controlOrder": 2,
                                                    "showLabel": false,
                                                    "dropdownLabelType": "Strategic Objective",
                                                    "dataKey": 200
                                                }
                                            ],
                                            "readOnly": false,
                                            "border": false,
                                            "columnDefinition": {
                                                "columnName": "TABLE_TYPE",
                                                "tableName": "FD_TABLE",
                                                "columnLabel": "Table Type",
                                                "columnId": 999,
                                                "columnDescription": "FD_TABLE.TABLE_TYPE"
                                            },
                                            "formControlId": 11,
                                            "parentFormControlId": 8,
                                            "controlOrder": 2,
                                            "controlWidth": 2,
                                            "showLabel": false
                                        }
                                    ],
                                    "readOnly": false,
                                    "border": false,
                                    "columnDefinition": {
                                        "columnName": "TABLE_TYPE",
                                        "tableName": "FD_TABLE",
                                        "columnLabel": "Table Type",
                                        "columnId": 999,
                                        "columnDescription": "FD_TABLE.TABLE_TYPE"
                                    },
                                    "formControlId": 8,
                                    "parentFormControlId": 7,
                                    "controlOrder": 1,
                                    "showLabel": false
                                }
                            ],
                            "readOnly": false,
                            "border": true,
                            "columnDefinition": {
                                "columnName": "TABLE_TYPE",
                                "tableName": "FD_TABLE",
                                "columnLabel": "Table Type",
                                "columnId": 999,
                                "columnDescription": "FD_TABLE.TABLE_TYPE"
                            },
                            "formControlId": 7,
                            "customLabel": "Business Alignment",
                            "parentFormControlId": 2,
                            "controlOrder": 2,
                            "controlWidth": 0,
                            "showLabel": false
                        }
                    ],
                    "readOnly": false,
                    "border": false,
                    "columnDefinition": {
                        "columnName": "TABLE_TYPE",
                        "tableName": "FD_TABLE",
                        "columnLabel": "Table Type",
                        "columnId": 999,
                        "columnDescription": "FD_TABLE.TABLE_TYPE"
                    },
                    "formControlId": 2,
                    "customLabel": "Group set",
                    "parentFormControlId": 0,
                    "controlOrder": 1,
                    "showLabel": false
                }
            ],
            "tabId": 2,
            "tabName": "Information",
            "tabOrder": 1
        },
        {
            "roType": "tabRO",
            "type": "TAB",
            "children": [],
            "tabId": 3,
            "tabName": "Details",
            "tabOrder": 2
        }
    ],
    "formName": "Form1",
    "formId": 2,
    "formTitle": "Project Initiation",
    "formDescription": "form1 description",
    "projectCategoryTypes": [
        {
            "sequenceNumber": 8601,
            "projectCategoryTypeId": 236,
            "superFlag": false,
            "projectCategoryShortLen": 20,
            "projectCategoryTypeWT": 0,
            "maxProjectCategoryWT": 0,
            "projectCategoryType": "Business Segment",
            "projectCategoryTypeValues": [
                {
                    "sequenceNumber": 0,
                    "projectCategoryId": 1084,
                    "projectCategoryTypeId": null,
                    "projectCategoryShortName": "1023980",
                    "parentProjectCategoryId": null,
                    "projectCategoryName": "Energy Services",
                    "projectCategoryWT": 0
                },
                {
                    "sequenceNumber": 1,
                    "projectCategoryId": 1191,
                    "projectCategoryTypeId": null,
                    "projectCategoryShortName": "1004050",
                    "parentProjectCategoryId": null,
                    "projectCategoryName": "Commercial Construction",
                    "projectCategoryWT": 0
                },
                {
                    "sequenceNumber": 100,
                    "projectCategoryId": 1079,
                    "projectCategoryTypeId": null,
                    "projectCategoryShortName": "1060800",
                    "parentProjectCategoryId": null,
                    "projectCategoryName": "Renewable Energy",
                    "projectCategoryWT": 0
                },
                {
                    "sequenceNumber": 101,
                    "projectCategoryId": 1077,
                    "projectCategoryTypeId": null,
                    "projectCategoryShortName": "1039500",
                    "parentProjectCategoryId": null,
                    "projectCategoryName": "Healthcare",
                    "projectCategoryWT": 0
                },
                {
                    "sequenceNumber": 200,
                    "projectCategoryId": 1075,
                    "projectCategoryTypeId": null,
                    "projectCategoryShortName": "1010300",
                    "parentProjectCategoryId": null,
                    "projectCategoryName": "Wireless",
                    "projectCategoryWT": 0
                },
                {
                    "sequenceNumber": 300,
                    "projectCategoryId": 1074,
                    "projectCategoryTypeId": null,
                    "projectCategoryShortName": "1010250",
                    "parentProjectCategoryId": null,
                    "projectCategoryName": "Network Operations",
                    "projectCategoryWT": 0
                },
                {
                    "sequenceNumber": 400,
                    "projectCategoryId": 1076,
                    "projectCategoryTypeId": null,
                    "projectCategoryShortName": "1040102",
                    "parentProjectCategoryId": null,
                    "projectCategoryName": "Plastics",
                    "projectCategoryWT": 0
                },
                {
                    "sequenceNumber": 500,
                    "projectCategoryId": 1078,
                    "projectCategoryTypeId": null,
                    "projectCategoryShortName": "1006500",
                    "parentProjectCategoryId": null,
                    "projectCategoryName": "Automotive",
                    "projectCategoryWT": 0
                },
                {
                    "sequenceNumber": 600,
                    "projectCategoryId": 1080,
                    "projectCategoryTypeId": null,
                    "projectCategoryShortName": "1070100",
                    "parentProjectCategoryId": null,
                    "projectCategoryName": "Media & Entertainment",
                    "projectCategoryWT": 0
                },
                {
                    "sequenceNumber": 700,
                    "projectCategoryId": 1081,
                    "projectCategoryTypeId": null,
                    "projectCategoryShortName": "1080400",
                    "parentProjectCategoryId": null,
                    "projectCategoryName": "Food Products",
                    "projectCategoryWT": 0
                },
                {
                    "sequenceNumber": 800,
                    "projectCategoryId": 1082,
                    "projectCategoryTypeId": null,
                    "projectCategoryShortName": "1050030",
                    "parentProjectCategoryId": null,
                    "projectCategoryName": "Specialty Chemicals",
                    "projectCategoryWT": 0
                },
                {
                    "sequenceNumber": 900,
                    "projectCategoryId": 1083,
                    "projectCategoryTypeId": null,
                    "projectCategoryShortName": "1000500",
                    "parentProjectCategoryId": null,
                    "projectCategoryName": "Distribution",
                    "projectCategoryWT": 0
                },
                {
                    "sequenceNumber": 1001,
                    "projectCategoryId": 1177,
                    "projectCategoryTypeId": null,
                    "projectCategoryShortName": "1000750",
                    "parentProjectCategoryId": null,
                    "projectCategoryName": "Customer Support",
                    "projectCategoryWT": 0
                },
                {
                    "sequenceNumber": 1002,
                    "projectCategoryId": 1175,
                    "projectCategoryTypeId": null,
                    "projectCategoryShortName": "1048500",
                    "parentProjectCategoryId": null,
                    "projectCategoryName": "Human Resources",
                    "projectCategoryWT": 0
                },
                {
                    "sequenceNumber": 1003,
                    "projectCategoryId": 1174,
                    "projectCategoryTypeId": null,
                    "projectCategoryShortName": "1022000",
                    "parentProjectCategoryId": null,
                    "projectCategoryName": "Finance",
                    "projectCategoryWT": 0
                },
                {
                    "sequenceNumber": 1004,
                    "projectCategoryId": 1178,
                    "projectCategoryTypeId": null,
                    "projectCategoryShortName": "1087345",
                    "parentProjectCategoryId": null,
                    "projectCategoryName": "Accounting",
                    "projectCategoryWT": 0
                },
                {
                    "sequenceNumber": 1005,
                    "projectCategoryId": 1180,
                    "projectCategoryTypeId": null,
                    "projectCategoryShortName": "1045500",
                    "parentProjectCategoryId": null,
                    "projectCategoryName": "Information Technology",
                    "projectCategoryWT": 0
                },
                {
                    "sequenceNumber": 1007,
                    "projectCategoryId": 1176,
                    "projectCategoryTypeId": null,
                    "projectCategoryShortName": "1012500",
                    "parentProjectCategoryId": null,
                    "projectCategoryName": "Corporate Marketing",
                    "projectCategoryWT": 0
                }
            ]
        },
        {
            "sequenceNumber": 6500,
            "projectCategoryTypeId": 200,
            "superFlag": false,
            "projectCategoryShortLen": 20,
            "projectCategoryTypeWT": 0,
            "maxProjectCategoryWT": 0,
            "projectCategoryType": "Strategic Objective",
            "projectCategoryTypeValues": [
                {
                    "sequenceNumber": 0,
                    "projectCategoryId": 890,
                    "projectCategoryTypeId": null,
                    "projectCategoryShortName": "Customer Sat",
                    "parentProjectCategoryId": null,
                    "projectCategoryName": "Improved Customer Satisfaction",
                    "projectCategoryWT": 0
                },
                {
                    "sequenceNumber": 100,
                    "projectCategoryId": 887,
                    "projectCategoryTypeId": null,
                    "projectCategoryShortName": "Rev Growth",
                    "parentProjectCategoryId": null,
                    "projectCategoryName": "Revenue Growth",
                    "projectCategoryWT": 0
                },
                {
                    "sequenceNumber": 200,
                    "projectCategoryId": 888,
                    "projectCategoryTypeId": null,
                    "projectCategoryShortName": "Cust Retention",
                    "parentProjectCategoryId": null,
                    "projectCategoryName": "Increased Customer Retention",
                    "projectCategoryWT": 0
                },
                {
                    "sequenceNumber": 400,
                    "projectCategoryId": 889,
                    "projectCategoryTypeId": null,
                    "projectCategoryShortName": "Reduced Cycle",
                    "parentProjectCategoryId": null,
                    "projectCategoryName": "Reduced Cycle Time",
                    "projectCategoryWT": 0
                },
                {
                    "sequenceNumber": 401,
                    "projectCategoryId": 891,
                    "projectCategoryTypeId": null,
                    "projectCategoryShortName": "Reg Compl",
                    "parentProjectCategoryId": null,
                    "projectCategoryName": "Regulatory Compliance",
                    "projectCategoryWT": 0
                }
            ]
        },
        {
            "sequenceNumber": 8701,
            "projectCategoryTypeId": 237,
            "superFlag": false,
            "projectCategoryShortLen": 20,
            "projectCategoryTypeWT": 0,
            "maxProjectCategoryWT": 0,
            "projectCategoryType": "Business Process",
            "projectCategoryTypeValues": [
                {
                    "sequenceNumber": 0,
                    "projectCategoryId": 1085,
                    "projectCategoryTypeId": null,
                    "projectCategoryShortName": "Accounting",
                    "parentProjectCategoryId": null,
                    "projectCategoryName": "Accounting",
                    "projectCategoryWT": 0
                },
                {
                    "sequenceNumber": 1,
                    "projectCategoryId": 1190,
                    "projectCategoryTypeId": null,
                    "projectCategoryShortName": "Construction",
                    "parentProjectCategoryId": null,
                    "projectCategoryName": "Construction",
                    "projectCategoryWT": 0
                },
                {
                    "sequenceNumber": 100,
                    "projectCategoryId": 1086,
                    "projectCategoryTypeId": null,
                    "projectCategoryShortName": "Billing",
                    "parentProjectCategoryId": null,
                    "projectCategoryName": "Billing",
                    "projectCategoryWT": 0
                },
                {
                    "sequenceNumber": 101,
                    "projectCategoryId": 1103,
                    "projectCategoryTypeId": null,
                    "projectCategoryShortName": "CRM",
                    "parentProjectCategoryId": null,
                    "projectCategoryName": "Customer Relationship",
                    "projectCategoryWT": 0
                },
                {
                    "sequenceNumber": 200,
                    "projectCategoryId": 1087,
                    "projectCategoryTypeId": null,
                    "projectCategoryShortName": "Financing",
                    "parentProjectCategoryId": null,
                    "projectCategoryName": "Financing",
                    "projectCategoryWT": 0
                },
                {
                    "sequenceNumber": 201,
                    "projectCategoryId": 1101,
                    "projectCategoryTypeId": null,
                    "projectCategoryShortName": "Order Mgmt",
                    "parentProjectCategoryId": null,
                    "projectCategoryName": "Order Management",
                    "projectCategoryWT": 0
                },
                {
                    "sequenceNumber": 202,
                    "projectCategoryId": 1097,
                    "projectCategoryTypeId": null,
                    "projectCategoryShortName": "HR",
                    "parentProjectCategoryId": null,
                    "projectCategoryName": "Human Resources",
                    "projectCategoryWT": 0
                },
                {
                    "sequenceNumber": 300,
                    "projectCategoryId": 1088,
                    "projectCategoryTypeId": null,
                    "projectCategoryShortName": "Procurement",
                    "parentProjectCategoryId": null,
                    "projectCategoryName": "Procurement",
                    "projectCategoryWT": 0
                },
                {
                    "sequenceNumber": 400,
                    "projectCategoryId": 1089,
                    "projectCategoryTypeId": null,
                    "projectCategoryShortName": "Legal",
                    "parentProjectCategoryId": null,
                    "projectCategoryName": "Legal",
                    "projectCategoryWT": 0
                },
                {
                    "sequenceNumber": 401,
                    "projectCategoryId": 1096,
                    "projectCategoryTypeId": null,
                    "projectCategoryShortName": "Alliances",
                    "parentProjectCategoryId": null,
                    "projectCategoryName": "Alliances",
                    "projectCategoryWT": 0
                },
                {
                    "sequenceNumber": 500,
                    "projectCategoryId": 1098,
                    "projectCategoryTypeId": null,
                    "projectCategoryShortName": "Training",
                    "parentProjectCategoryId": null,
                    "projectCategoryName": "Training",
                    "projectCategoryWT": 0
                },
                {
                    "sequenceNumber": 501,
                    "projectCategoryId": 1100,
                    "projectCategoryTypeId": null,
                    "projectCategoryShortName": "IT",
                    "parentProjectCategoryId": null,
                    "projectCategoryName": "Information Technology",
                    "projectCategoryWT": 0
                },
                {
                    "sequenceNumber": 502,
                    "projectCategoryId": 1095,
                    "projectCategoryTypeId": null,
                    "projectCategoryShortName": "Project Mgmt",
                    "parentProjectCategoryId": null,
                    "projectCategoryName": "Project Management",
                    "projectCategoryWT": 0
                },
                {
                    "sequenceNumber": 600,
                    "projectCategoryId": 1094,
                    "projectCategoryTypeId": null,
                    "projectCategoryShortName": "Capacity Plng",
                    "parentProjectCategoryId": null,
                    "projectCategoryName": "Capacity Planning",
                    "projectCategoryWT": 0
                },
                {
                    "sequenceNumber": 601,
                    "projectCategoryId": 1092,
                    "projectCategoryTypeId": null,
                    "projectCategoryShortName": "Plant Maintenance",
                    "parentProjectCategoryId": null,
                    "projectCategoryName": "Plant Maintenance",
                    "projectCategoryWT": 0
                },
                {
                    "sequenceNumber": 602,
                    "projectCategoryId": 1093,
                    "projectCategoryTypeId": null,
                    "projectCategoryShortName": "Manufacturing",
                    "parentProjectCategoryId": null,
                    "projectCategoryName": "Manufacturing",
                    "projectCategoryWT": 0
                },
                {
                    "sequenceNumber": 700,
                    "projectCategoryId": 1090,
                    "projectCategoryTypeId": null,
                    "projectCategoryShortName": "Supply Chain",
                    "parentProjectCategoryId": null,
                    "projectCategoryName": "Supply Chain",
                    "projectCategoryWT": 0
                },
                {
                    "sequenceNumber": 800,
                    "projectCategoryId": 1102,
                    "projectCategoryTypeId": null,
                    "projectCategoryShortName": "Logistics",
                    "parentProjectCategoryId": null,
                    "projectCategoryName": "Logistics",
                    "projectCategoryWT": 0
                },
                {
                    "sequenceNumber": 900,
                    "projectCategoryId": 1091,
                    "projectCategoryTypeId": null,
                    "projectCategoryShortName": "Operations",
                    "parentProjectCategoryId": null,
                    "projectCategoryName": "Operations",
                    "projectCategoryWT": 0
                },
                {
                    "sequenceNumber": 1000,
                    "projectCategoryId": 1099,
                    "projectCategoryTypeId": null,
                    "projectCategoryShortName": "Security",
                    "parentProjectCategoryId": null,
                    "projectCategoryName": "Security",
                    "projectCategoryWT": 0
                }
            ]
        }
    ]
}