{"name":"Main", "href":"#", "icon":"img/menu/Main_default.png", "iconSelected":"img/menu/Main_selected.png", "colors":[
    {"position":"0%", "color":"rgba(255,255,255,0.1)"},
    {"position":"30%", "color":"rgba(255,255,255,0.5)"},
    {"position":"100%", "color":"rgba(255,255,255,0.1)"}
    ], "children":[
    {"name":"Favorites", "icon":"img/menu/Fave_default.png", "iconSelected":"img/menu/Fave_selected.png", "group":true, "colors":[
        {"position":"0%", "color":"rgba(135,121,58,0.6)"},
        {"position":"30%", "color":"rgba(205,157,2,1)"},
        {"position":"100%", "color":"rgba(150,114,42,1)"}
    ],"children":[
        {"name":"Correspondences", "href":"# Correspondences"},
        {"name":"Companies", "href":"# Companies"},
        {"name":"Daily Reports", "href":"# Daily Reports"},
        {"name":"Notices", "href":"# Notices"},
        {"name":"Proposals", "href":"# Proposals"}
    ]},
    {"name":"Administration", "icon":"img/menu/admin_icon_default.png", "iconSelected":"img/menu/admin_icon_selected.png", "group":true, "module":"Administration", "children":[
        {"name":"Application Settings", "href":"#applicationSettings"},
        {"name":"System Settings", "href":"#systemSettings"},
        {"name":"User Management", "href":"javascripts/features/admin/securitymanagement/securitymanagement.html"}
    ]},
    {"name":"Capital", "icon":"img/menu/CP_default.png", "iconSelected":"img/menu/CP_selected.png", "group":true, "module":"CapitalPlanning","colors":[
        {"position":"0%", "color":"rgba(50,91,132,0.6)"},
        {"position":"30%", "color":"rgba(77,131,182,1)"},
        {"position":"100%", "color":"rgba(14,45,95,1)"}
    ],"children":[
        {"name":"Portfolio Analysis", "href":"#"},
        {"name":"Portfolio Landing", "href":"#"},
        {"name":"Define Strategy", "href":"#"},
        {"name":"Strategy Scoring", "href":"#projects/1/strategies/1/rating"},
        {"name":"Capital Plan", "href":"#capitalPlans/1/scenarios/0/selection/waterline/scorecards/1?timescale=0"},
        {"name":"Compare Scenarios", "href":"#capitalPlans/1/scenarios"},
        {"name":"Project", "href":"# Project"},
        {"name":"Contract", "href":"#mapActivities"},
        {"name":"Task", "href":"#defineRisks"},
        {"name":"Risk", "href":"#createPMB"},
        {"name":"Issue", "href":"# Issue"}
    ]},
    {"name":"Contracts", "icon":"img/menu/Contracts_default.png", "iconSelected":"img/menu/Contracts_selected.png", "group":true, "module":"Contracts", "colors":[
        {"position":"0%", "color":"rgba(60,106,77,0.6)"},
        {"position":"30%", "color":"rgba(89,133,39,1)"},
        {"position":"100%", "color":"rgba(0,51,7,1)"}
    ],"children":[
        {"name":"Change Management", "href":"# Change Management"},
        {"name":"Change Orders", "href":"# Change Orders"},
        {"name":"Correspondences", "href":"# Correspondences"},
        {"name":"Companies", "href":"# Companies"},
        {"name":"Cost Worksheet", "href":"# Cost Worksheet"},
        {"name":"Daily Reports", "href":"# Daily Reports"},
        {"name":"Invoices", "href":"# Invoices"},
        {"name":"Issues", "href":"# Issues"},
        {"name":"Materials", "href":"# Materials"},
        {"name":"Meeting Minutes", "href":"# Meeting Minutes"},
        {"name":"Noncompliance", "href":"# Noncompliance"},
        {"name":"Notepads", "href":"# Notepads"},
        {"name":"Notices", "href":"# Notices"},
        {"name":"Payment Requisitions", "href":"# Payment Requisitions"},
        {"name":"Proposals", "href":"# Proposals"},
        {"name":"Punch Lists", "href":"# Punch Lists"},
        {"name":"Purchase Orders", "href":"# Purchase Orders"},
        {"name":"RFIs", "href":"# RFIs"},
        {"name":"Submittals", "href":"# Submittals"},
        {"name":"Submittal Package", "href":"# Submittal Package"}
    ]},
    {"name":"Costs", "icon":"img/menu/PC_default.png", "iconSelected":"img/menu/PC_selected.png", "href":"# Costs", "module":"CostControls","colors":[
        {"position":"0%", "color":"rgba(119,88,53,0.6)"},
        {"position":"30%", "color":"rgba(203,118,6,1)"},
        {"position":"100%", "color":"rgba(126,67,3,1)"}
    ]},
    {"name":"Resources", "icon":"img/menu/Resources_default.png", "iconSelected":"img/menu/Resources_selected.png", "group":true, "module":"Resources","colors":[
        {"position":"0%", "color":"rgba(76,52,109,0.6)"},
        {"position":"30%", "color":"rgba(128,89,158,1)"},
        {"position":"100%", "color":"rgba(69,7,113,1)"}
    ], "children":[
        {"name":"Assign Resources", "href":"# Assign Resources"},
        {"name":"Edit Assignment Details", "href":"# Edit Assignment Details"},
        {"name":"Analyze Resource Distribution", "href":"# Analyze Resource Distribution"},
        {"name":"Resolve Overall Location", "href":"# Resolve Overall Location"},
        {"name":"Level Resources", "href":"# Level Resources"}
    ]},
    {"name":"Schedule", "icon":"img/menu/Sched_default.png", "iconSelected":"img/menu/Sched_selected.png", "group":true, "module":"Schedule", "colors":[
        {"position":"0%", "color":"rgba(89,48,57,0.6)"},
        {"position":"30%", "color":"rgba(167,62,64,1)"},
        {"position":"100%", "color":"rgba(89,2,5,1)"}
    ], "children":[
        {"name":"Plan Schedule", "href":"/primavera/bre/action/home"},
        {"name":"Define Risks", "href":"# Define Risks"},
        {"name":"Compare Projects", "href":"# Compare Projects"},
        {"name":"Update Baseline", "href":"# Update Baseline"},
        {"name":"View Project Documents", "href":"# View Project Documents"},
        {"name":"Monitor Project Issues", "href":"# Monitor Project Issues"}
    ]}
], "openType":"easeOutExpo", "openDuration":250, "closeType":"easeOutExpo", "closeDuration":250, "menuTransitionDuration":350}
